scheme_id,et_fund_name,et_category,et_fund_house,mf_scheme_code,mf_scheme_name,mf_scheme_category,isin_growth,match_score,match_status,match_tier,score_gap,candidate_count,alt_candidates,review_reason,mapped_mf_scheme_code,map_match_method,already_decided
42348,Axis Multicap Fund,Multi Cap,Axis Mutual Fund,120505.0,Axis Midcap Fund - Direct Plan - Growth,Equity Scheme - Mid Cap Fund,,93.24,approved,review_app,,1,,duplicate_mf_code,120505.0,manual,False
1328,HSBC Large Cap Fund,Large Cap,HSBC Mutual Fund,119018.0,HDFC Large Cap Fund - Growth Option - Direct Plan,Equity Scheme - Large Cap Fund,,94.47,approved,review_app,,1,,duplicate_mf_code,119018.0,manual,False
32529,Sundaram Multi Cap Fund,Multi Cap,Sundaram Mutual Fund,119581.0,Sundaram Mid Cap Fund Direct Plan - Growth,Equity Scheme - Mid Cap Fund,,95.91,approved,review_app,,1,,duplicate_mf_code,119581.0,manual,False
32026,UTI Flexi Cap Fund,Flexi Cap,UTI Mutual Fund,151379.0,ITI Flexi Cap Fund- Direct Plan- Growth,Equity Scheme - Flexi Cap Fund,,99.44,approved,review_app,,1,,duplicate_mf_code,151379.0,manual,False
1233,Sundaram Mid Cap Fund,Mid Cap,Sundaram Mutual Fund,119581.0,Sundaram Mid Cap Fund Direct Plan - Growth,Equity Scheme - Mid Cap Fund,,100.0,auto_ok,name_fuzzy,8.6,881,119589:91.4; 119566:84.5; 119178:83.9,duplicate_mf_code,119581.0,auto,False
1286,Aditya Birla Sun Life Mid Cap Fund,Mid Cap,Aditya Birla Sun Life Mutual Fund,119436.0,Aditya Birla Sun Life Large & Mid Cap Fund - Growth - Direct Plan,Equity Scheme - Large & Mid Cap Fund,,100.0,auto_ok,name_fuzzy,0.4,881,119620:99.6; 119556:96.4; 119528:95.7,duplicate_mf_code,119436.0,auto,False
2420,Franklin India Large & Mid Cap Fund,Large & Mid Cap,Franklin Templeton Mutual Fund,118510.0,Franklin India Large & Mid Cap Fund - Direct - Growth,Equity Scheme - Large & Mid Cap Fund,,100.0,auto_ok,name_fuzzy,0.0,881,118531:100.0; 118533:100.0; 152739:88.9,duplicate_mf_code,118510.0,auto,False
4678,Edelweiss Large & Mid Cap Fund,Large & Mid Cap,Edelweiss Mutual Fund,118617.0,Edelweiss Large Cap Fund - Direct Plan-Growth option,Equity Scheme - Large Cap Fund,,100.0,auto_ok,name_fuzzy,0.0,881,140175:100.0; 140228:98.0; 119218:89.0,duplicate_mf_code,118617.0,auto,False
10108,Edelweiss Large Cap Fund,Large Cap,Edelweiss Mutual Fund,118617.0,Edelweiss Large Cap Fund - Direct Plan-Growth option,Equity Scheme - Large Cap Fund,,100.0,auto_ok,name_fuzzy,2.7,881,140175:97.3; 146196:88.3; 152094:88.3,duplicate_mf_code,118617.0,auto,False
10434,Axis Large Cap Fund,Large Cap,Axis Mutual Fund,120465.0,Axis Large Cap Fund - Direct Plan - Growth,Equity Scheme - Large Cap Fund,,100.0,auto_ok,name_fuzzy,4.5,881,145110:95.5; 125354:83.9; 118479:83.0,duplicate_mf_code,120465.0,auto,False
11656,Axis Midcap Fund,Mid Cap,Axis Mutual Fund,120505.0,Axis Midcap Fund - Direct Plan - Growth,Equity Scheme - Mid Cap Fund,,100.0,auto_ok,name_fuzzy,11.1,881,119071:88.9; 120389:80.0; 150404:79.3,duplicate_mf_code,120505.0,auto,False
28921,LIC MF Large & Mid Cap Fund,Large & Mid Cap,LIC Mutual Fund,120267.0,LIC MF Large Cap Fund-Direct Plan-Growth,Equity Scheme - Large Cap Fund,,100.0,auto_ok,name_fuzzy,0.0,881,133710:100.0; 152002:96.4; 150659:83.3,duplicate_mf_code,120267.0,auto,False
31802,UTI Large Cap Fund,Large Cap,UTI Mutual Fund,120656.0,UTI Large Cap Fund - Direct Plan - Growth Option,Equity Scheme - Large Cap Fund,,100.0,auto_ok,name_fuzzy,5.0,881,120665:95.0; 150440:94.5; 119598:93.9,duplicate_mf_code,120656.0,auto,False
31807,Aditya Birla Sun Life Large & Mid Cap Fund,Large & Mid Cap,Aditya Birla Sun Life Mutual Fund,119436.0,Aditya Birla Sun Life Large & Mid Cap Fund - Growth - Direct Plan,Equity Scheme - Large & Mid Cap Fund,,100.0,auto_ok,name_fuzzy,0.0,881,119528:100.0; 119620:92.2; 119556:89.2,duplicate_mf_code,119436.0,auto,False
31845,Quant Small Cap Fund,Small Cap,Quant Mutual Fund,120828.0,quant Small Cap Fund - Growth Option - Direct Plan,Equity Scheme - Small Cap Fund,,100.0,auto_ok,name_fuzzy,0.0,881,152107:100.0; 147919:89.2; 152614:86.1,duplicate_mf_code,120828.0,auto,False
31881,Tata Large & Mid Cap Fund,Large & Mid Cap,Tata Mutual Fund,119160.0,Tata Large Cap Fund -Direct Plan Growth Option,Equity Scheme - Large Cap Fund,,100.0,auto_ok,name_fuzzy,0.0,881,119202:100.0; 119178:95.0; 120665:93.9,duplicate_mf_code,119160.0,auto,False
31883,HDFC Large Cap Fund,Large Cap,HDFC Mutual Fund,119018.0,HDFC Large Cap Fund - Growth Option - Direct Plan,Equity Scheme - Large Cap Fund,,100.0,auto_ok,name_fuzzy,11.7,881,120490:88.3; 130498:87.6; 148353:86.1,duplicate_mf_code,119018.0,auto,False
31894,Franklin India Mid Cap Fund,Mid Cap,Franklin Templeton Mutual Fund,118510.0,Franklin India Large & Mid Cap Fund - Direct - Growth,Equity Scheme - Large & Mid Cap Fund,,100.0,auto_ok,name_fuzzy,0.0,881,118533:100.0; 152739:97.9; 118531:95.7,duplicate_mf_code,118510.0,auto,False
31937,LIC MF Large Cap Fund,Large Cap,LIC Mutual Fund,120267.0,LIC MF Large Cap Fund-Direct Plan-Growth,Equity Scheme - Large Cap Fund,,100.0,auto_ok,name_fuzzy,3.7,881,133710:96.3; 119598:87.1; 120656:87.1,duplicate_mf_code,120267.0,auto,False
32037,UTI Large & Mid Cap Fund,Large & Mid Cap,UTI Mutual Fund,120656.0,UTI Large Cap Fund - Direct Plan - Growth Option,Equity Scheme - Large Cap Fund,,100.0,auto_ok,name_fuzzy,0.0,881,120665:100.0; 120826:96.3; 119202:93.9,duplicate_mf_code,120656.0,auto,False
32210,Tata Large Cap Fund,Large Cap,Tata Mutual Fund,119160.0,Tata Large Cap Fund -Direct Plan Growth Option,Equity Scheme - Large Cap Fund,,100.0,auto_ok,name_fuzzy,4.5,881,119202:95.5; 120656:91.5; 118870:90.0,duplicate_mf_code,119160.0,auto,False
32489,Quant ELSS Tax Saver Fund,ELSS,Quant Mutual Fund,111549.0,Quantum ELSS Tax Saver Fund - Direct Plan Growth Option,Equity Scheme - ELSS,,100.0,auto_ok,name_fuzzy,0.0,881,120847:100.0; 147541:92.5; 135654:90.7,duplicate_mf_code,111549.0,auto,False
32607,Quant Multi Asset Allocation Fund,Multi Asset Allocation,Quant Mutual Fund,120821.0,quant Multi Asset Allocation Fund-GROWTH OPTION-Direct Plan,Hybrid Scheme - Multi Asset Allocation,,100.0,auto_ok,name_fuzzy,0.0,881,152474:100.0; 120760:98.8; 148053:97.3,duplicate_mf_code,120821.0,auto,False
34465,Quantum ELSS Tax Saver Fund,ELSS,Quantum Mutual Fund,111549.0,Quantum ELSS Tax Saver Fund - Direct Plan Growth Option,Equity Scheme - ELSS,,100.0,auto_ok,name_fuzzy,0.0,881,120847:100.0; 120494:90.7; 150838:89.6,duplicate_mf_code,111549.0,auto,False
34573,Union Largecap Fund,Large Cap,Union Mutual Fund,141248.0,Union Largecap Fund - Direct Plan - Growth Option,Equity Scheme - Large Cap Fund,,100.0,auto_ok,name_fuzzy,4.5,881,147750:95.5; 150858:83.9; 148073:82.8,duplicate_mf_code,141248.0,auto,False
35440,Mahindra Manulife Mid Cap Fund,Mid Cap,Mahindra Manulife Mutual Fund,142110.0,Mahindra Manulife Mid Cap Fund - Direct Plan -Growth,Equity Scheme - Mid Cap Fund,,100.0,auto_ok,name_fuzzy,0.0,881,147840:100.0; 141226:98.5; 150915:95.3,duplicate_mf_code,142110.0,auto,False
38316,Axis Large & Mid Cap Fund,Large & Mid Cap,Axis Mutual Fund,120465.0,Axis Large Cap Fund - Direct Plan - Growth,Equity Scheme - Large Cap Fund,,100.0,auto_ok,name_fuzzy,0.0,881,145110:100.0; 153629:86.8; 118419:86.6,duplicate_mf_code,120465.0,auto,False
40856,Union Large & Midcap Fund,Large & Mid Cap,Union Mutual Fund,141248.0,Union Largecap Fund - Direct Plan - Growth Option,Equity Scheme - Large Cap Fund,,100.0,auto_ok,name_fuzzy,0.0,881,147750:100.0; 148073:95.0; 135677:93.9,duplicate_mf_code,141248.0,auto,False
40868,Mahindra Manulife Large & Mid Cap Fund,Large & Mid Cap,Mahindra Manulife Mutual Fund,142110.0,Mahindra Manulife Mid Cap Fund - Direct Plan -Growth,Equity Scheme - Mid Cap Fund,,100.0,auto_ok,name_fuzzy,0.0,881,146549:100.0; 147840:100.0; 141226:90.3,duplicate_mf_code,142110.0,auto,False
40896,ITI Balanced Advantage Fund,Dynamic Asset Allocation,ITI Mutual Fund,147789.0,ITI Balanced Advantage Fund - Direct Plan - Growth Option,Hybrid Scheme - Dynamic Asset Allocation or Balanced Advantage,,100.0,auto_ok,name_fuzzy,0.0,881,151885:100.0; 119298:97.6; 149134:97.6,duplicate_mf_code,147789.0,auto,False
41676,ITI Large Cap Fund,Large Cap,ITI Mutual Fund,148353.0,ITI Large Cap Fund - Direct Plan - Growth Option,Equity Scheme - Large Cap Fund,,100.0,auto_ok,name_fuzzy,9.3,881,120490:90.7; 119018:86.1; 119308:86.0,duplicate_mf_code,148353.0,auto,False
43551,ITI Flexi Cap Fund,Flexi Cap,ITI Mutual Fund,151379.0,ITI Flexi Cap Fund- Direct Plan- Growth,Equity Scheme - Flexi Cap Fund,,100.0,auto_ok,name_fuzzy,8.5,881,143793:91.5; 144546:91.5; 151917:90.7,duplicate_mf_code,151379.0,auto,False
44057,UTI Balanced Advantage Fund,Dynamic Asset Allocation,UTI Mutual Fund,147789.0,ITI Balanced Advantage Fund - Direct Plan - Growth Option,Hybrid Scheme - Dynamic Asset Allocation or Balanced Advantage,,100.0,auto_ok,name_fuzzy,0.0,881,151885:100.0; 142038:97.9; 119298:97.6,duplicate_mf_code,147789.0,auto,False
44194,Quantum Small Cap Fund,Small Cap,Quantum Mutual Fund,120828.0,quant Small Cap Fund - Growth Option - Direct Plan,Equity Scheme - Small Cap Fund,,100.0,auto_ok,name_fuzzy,0.0,881,152107:100.0; 152614:87.1; 147919:85.0,duplicate_mf_code,120828.0,auto,False
44540,Quantum Multi Asset Allocation Fund,Multi Asset Allocation,Quantum Mutual Fund,120821.0,quant Multi Asset Allocation Fund-GROWTH OPTION-Direct Plan,Hybrid Scheme - Multi Asset Allocation,,100.0,auto_ok,name_fuzzy,0.0,881,152474:100.0; 120760:95.9; 148053:94.6,duplicate_mf_code,120821.0,auto,False
44859,ITI Large & Mid Cap Fund,Large & Mid Cap,ITI Mutual Fund,148353.0,ITI Large Cap Fund - Direct Plan - Growth Option,Equity Scheme - Large Cap Fund,,100.0,auto_ok,name_fuzzy,5.8,881,148733:94.2; 152821:93.7; 153629:93.4,duplicate_mf_code,148353.0,auto,False
45367,Samco Large Cap Fund,Large Cap,Samco Mutual Fund,153239.0,Samco Large Cap Fund - Direct Plan - Growth Option,Equity Scheme - Large Cap Fund,,100.0,auto_ok,name_fuzzy,4.1,881,153534:95.9; 119598:89.2; 119160:87.1,duplicate_mf_code,153239.0,auto,False
45550,Samco Large & Mid Cap Fund,Large & Mid Cap,Samco Mutual Fund,153239.0,Samco Large Cap Fund - Direct Plan - Growth Option,Equity Scheme - Large Cap Fund,,100.0,auto_ok,name_fuzzy,0.0,881,153534:100.0; 119202:90.1; 120826:88.3,duplicate_mf_code,153239.0,auto,False
44614,PGIM India Retirement Fund,Large Cap,PGIM India Mutual Fund,149019.0,PGIM India Small Cap Fund - Direct Plan- Growth Option,Equity Scheme - Small Cap Fund,,71.67,review,name_fuzzy,2.4,881,135601:69.3; 138376:69.3; 138312:68.8,review,,,False
42946,Sundaram Flexi Cap Fund,Flexi Cap,Sundaram Mutual Fund,149450.0,Samco Flexi Cap Fund - Direct Plan - Growth Option,Equity Scheme - Flexi Cap Fund,,88.72,review,name_fuzzy,2.8,881,143793:86.0; 144546:86.0; 151917:85.0,review,,,False
41570,Sundaram Large Cap Fund,Large Cap,Sundaram Mutual Fund,153239.0,Samco Large Cap Fund - Direct Plan - Growth Option,Equity Scheme - Large Cap Fund,,88.72,review,name_fuzzy,1.1,881,119589:87.6; 119581:86.8; 119160:86.0,review,,,False
32397,Sundaram Aggressive Hybrid Fund,Aggressive Hybrid,Sundaram Mutual Fund,119053.0,Tata Aggressive Hybrid Fund -Direct Plan- Growth Option,Hybrid Scheme - Aggressive Hybrid Fund,,91.21,review,name_fuzzy,0.0,881,143163:91.2; 120484:90.7; 120819:89.7,review,,,False
45869,Samco Small Cap Fund,Small Cap,Samco Mutual Fund,152614.0,JM Small Cap Fund (Direct) - Growth Option,Equity Scheme - Small Cap Fund,,91.49,review,name_fuzzy,2.3,881,125497:89.2; 130503:87.1; 152107:86.0,review,,,False
45843,The Wealth Company Arbitrage Fund,Arbitrage,The Wealth Company Mutual Fund,153891.0,THE WEALTH COMPANY ARBITRAGE FUND DIRECT GROWTH,Hybrid Scheme - Arbitrage Fund,,92.5,review,name_fuzzy,11.7,881,154269:80.8; 145724:74.2; 154185:70.2,review,,,False
1960,UTI Mid Cap Fund,Mid Cap,UTI Mutual Fund,120665.0,UTI Large & Mid Cap Fund - Direct Plan - Growth Option,Equity Scheme - Large & Mid Cap Fund,,94.21,review,name_fuzzy,1.0,881,120841:93.2; 153515:93.2; 119807:92.5,review,,,False
26816,HSBC Arbitrage Fund,Arbitrage,HSBC Mutual Fund,118931.0,HDFC ARBITRAGE FUND - Growth Option - Direct Plan,Hybrid Scheme - Arbitrage Fund,,94.47,review,name_fuzzy,0.0,881,129052:94.5; 153090:92.2; 120482:88.3,review,,,False
1898,HSBC Flexi Cap Fund,Flexi Cap,HSBC Mutual Fund,118955.0,HDFC Flexi Cap Fund - Growth Option - Direct Plan,Equity Scheme - Flexi Cap Fund,,94.47,review,name_fuzzy,2.3,881,149450:92.2; 152135:90.0; 151917:88.3,review,,,False
