stock_name,fund_count,avg_allocation_percent
ICICI BANK,167,5.100538922155688
HDFC BANK,156,5.3826282051282055
STATE BANK OF INDIA,147,2.869047619047619
LARSEN & TOUBRO,146,2.6521917808219175
AXIS BANK,146,2.6247945205479453
ETERNAL,146,1.9464383561643837
BHARTI AIRTEL,145,3.0259310344827584
RELIANCE INDUSTRIES,143,3.8006293706293706
INFOSYS,131,2.307480916030534
KOTAK MAHINDRA BANK,125,2.2436
MAHINDRA & MAHINDRA,119,1.8025210084033614
NTPC,104,1.8371153846153847
MULTI COMMODITY EXCHANGE OF INDIA,102,1.9744117647058823
BHARAT ELECTRONICS,100,1.6449
MARUTI SUZUKI INDIA,95,1.673578947368421
SHRIRAM FINANCE,94,1.6443617021276595
PB FINTECH,94,1.4676595744680851
SUN PHARMACEUTICAL INDUSTRIES,92,1.4795652173913043
INTERGLOBE AVIATION,92,1.3381521739130435
MAX FINANCIAL SERVICES,91,1.56
ULTRATECH CEMENT,88,1.5737500000000002
PERSISTENT SYSTEMS,88,1.267159090909091
TATA STEEL,87,1.386551724137931
TECH MAHINDRA,87,1.2606896551724136
BAJAJ FINANCE,85,1.9774117647058824
THE FEDERAL BANK,83,2.063734939759036
TITAN COMPANY,83,1.5563855421686748
DIXON TECHNOLOGIES (INDIA),83,0.9986746987951808
TATA CONSULTANCY SERVICES,80,1.5939999999999999
CUMMINS INDIA,80,1.452125
TVS MOTOR COMPANY,78,1.6387179487179488
VISHAL MEGA MART,74,1.1614864864864864
TRENT,71,1.0705633802816903
CHOLAMANDALAM INVESTMENT AND FINANCE COMPANY,70,1.1974285714285713
ITC,69,1.7614492753623188
COFORGE,68,1.309264705882353
SWIGGY,68,0.978529411764706
HINDALCO INDUSTRIES,67,1.3013432835820895
LG ELECTRONICS INDIA,67,1.053731343283582
GE VERNOVA T&D INDIA,66,1.8551515151515152
DIVI'S LABORATORIES,65,1.4126153846153846
JK CEMENT,64,1.42671875
SAMVARDHANA MOTHERSON INTERNATIONAL,63,1.8134920634920635
NAVIN FLUORINE INTERNATIONAL,62,1.4937096774193548
RADICO KHAITAN,62,1.3682258064516128
UNO MINDA,62,1.3566129032258065
BLUE STAR,62,0.9825806451612904
ICICI PRUDENTIAL ASSET MANAGEMENT COMPANY,61,1.3724590163934427
MAX HEALTHCARE INSTITUTE,61,1.360983606557377
CG POWER AND INDUSTRIAL SOLUTIONS,61,1.3342622950819671
SCHAEFFLER INDIA,61,1.2877049180327869
TATA MOTORS,60,1.1138333333333332
INDUSIND BANK,59,1.656271186440678
KEI INDUSTRIES,59,1.334406779661017
VEDANTA,59,1.2335593220338983
THE PHOENIX MILLS,58,1.3939655172413792
SBI LIFE INSURANCE COMPANY,58,1.2339655172413793
ONE97 COMMUNICATIONS,57,1.5980701754385966
APOLLO HOSPITALS ENTERPRISE,57,1.5719298245614035
LUPIN,57,1.3466666666666667
BSE,56,2.0557142857142856
INDIAN BANK,56,1.5719642857142857
BHARAT FORGE,56,1.51125
VARUN BEVERAGES,56,1.3589285714285713
MANKIND PHARMA,56,1.0778571428571428
JUBILANT FOODWORKS,56,0.94125
SONA BLW PRECISION FORGINGS,56,0.9298214285714286
JINDAL STEEL,55,1.6234545454545453
SOLAR INDUSTRIES INDIA,55,1.3432727272727272
ICICI LOMBARD GENERAL INSURANCE COMPANY,55,1.2332727272727273
FORTIS HEALTHCARE,54,1.670925925925926
HINDUSTAN UNILEVER,54,1.2887037037037037
SRF,54,1.1768518518518518
KARUR VYSYA BANK,53,1.8224528301886793
BHARAT HEAVY ELECTRICALS,53,1.669245283018868
K.P.R. MILL,53,1.159622641509434
PRESTIGE ESTATES PROJECTS,52,1.2932692307692308
MPHASIS,52,1.1182692307692308
FSN E-COMMERCE VENTURES,51,1.3168627450980392
BRITANNIA INDUSTRIES,51,1.262156862745098
INFO EDGE (INDIA),51,0.9207843137254902
NIPPON LIFE INDIA ASSET MANAGEMENT,50,1.494
AU SMALL FINANCE BANK,50,1.4806
THE INDIAN HOTELS COMPANY,50,1.0122
HINDUSTAN PETROLEUM CORPORATION,50,0.9456
OIL INDIA,50,0.9351999999999999
UNITED SPIRITS,48,1.0075
CROMPTON GREAVES CONSUMER ELECTRICALS,48,0.9420833333333333
TVS MOTOR COMPANY  - PREF. SHARES,48,0.024166666666666666
APAR INDUSTRIES,47,1.5925531914893616
INDUS TOWERS,47,1.4495744680851064
TUBE INVESTMENTS OF INDIA,47,1.2046808510638298
DELHIVERY,45,1.2977777777777777
POWER FINANCE CORPORATION,45,1.1922222222222223
HCL TECHNOLOGIES,44,1.3161363636363637
HINDUSTAN AERONAUTICS,44,1.1529545454545453
PI INDUSTRIES,44,1.0361363636363636
JB CHEMICALS & PHARMACEUTICALS,43,1.4609302325581395
COROMANDEL INTERNATIONAL,43,1.3623255813953488
CHOLAMANDALAM FINANCIAL HOLDINGS,43,0.9967441860465116
HITACHI ENERGY INDIA,42,1.7738095238095237
ATHER ENERGY,42,1.45
CITY UNION BANK,42,1.3597619047619047
BHARTI HEXACOM,42,1.3504761904761904
MARICO,41,1.5907317073170733
SAI LIFE SCIENCES,41,1.4112195121951219
TORRENT PHARMACEUTICALS,41,1.3534146341463416
EICHER MOTORS,41,1.3004878048780488
OIL AND NATURAL GAS CORPORATION,41,1.2675609756097561
ZF COMMERCIAL VEHICLE CONTROL SYSTEMS INDIA,41,1.2414634146341463
ASHOK LEYLAND,41,1.0258536585365854
APL APOLLO TUBES,40,1.6142499999999997
TATA POWER COMPANY,40,1.50875
PNB HOUSING FINANCE,40,1.37975
KRISHNA INSTITUTE OF MEDICAL SCIENCES,40,1.36025
AJANTA PHARMA,40,1.12425
HDFC ASSET MANAGEMENT COMPANY,40,1.11425
TIMKEN INDIA,40,1.0710000000000002
360 ONE WAM,40,0.9317500000000001
HERO MOTOCORP,39,1.5812820512820513
AVENUE SUPERMARTS,39,1.5794871794871794
POLYCAB INDIA,39,1.452820512820513
L&T FINANCE,39,1.4107692307692308
IPCA LABORATORIES,39,1.262051282051282
BRIGADE ENTERPRISES,39,0.8405128205128205
MUTHOOT FINANCE,38,1.707105263157895
UJJIVAN SMALL FINANCE BANK,38,1.2760526315789473
ASIAN PAINTS,38,1.2152631578947368
AMBER ENTERPRISES INDIA,37,1.6986486486486487
TORRENT POWER,37,1.3645945945945948
HDFC LIFE INSURANCE CO,37,1.3124324324324326
JSW ENERGY,37,1.037837837837838
VEDANTA ALUMINIUM METAL,37,0.5972972972972973
MALCO ENERGY,37,0.2602702702702703
VEDANTA POWER,37,0.20945945945945946
BAJAJ AUTO,36,1.3491666666666666
VEDANTA IRON AND STEEL,36,0.215
POWER GRID CORPORATION OF INDIA,35,1.4642857142857142
GODREJ CONSUMER PRODUCTS,35,0.8891428571428571
ACUTAAS CHEMICALS,34,1.744705882352941
ADANI PORTS AND SPECIAL ECONOMIC ZONE,34,1.6588235294117646
KIRLOSKAR OIL ENGINES,34,1.5458823529411765
CIPLA,34,1.3841176470588237
RBL BANK,34,1.279705882352941
BANK OF BARODA,34,1.1647058823529413
NEULAND LABORATORIES,34,1.1341176470588237
DR. REDDY'S LABORATORIES,33,1.4796969696969697
TATA CONSUMER PRODUCTS,33,1.2627272727272727
AUROBINDO PHARMA,32,2.4856249999999998
ASTER DM HEALTHCARE,32,1.4012499999999999
BAJAJ FINSERV,32,1.3625
CRAFTSMAN AUTOMATION,32,1.066875
CREDITACCESS GRAMEEN,32,0.9134375
SUPREME INDUSTRIES,32,0.8534375
BILLIONBRAINS GARAGE VENTURES,31,1.399032258064516
NATIONAL ALUMINIUM COMPANY,31,1.313225806451613
JSW STEEL,31,1.3029032258064517
PAGE INDUSTRIES,31,0.9974193548387097
ANTHEM BIOSCIENCES,31,0.9067741935483871
BHARAT PETROLEUM CORPORATION,31,0.74
SAFARI INDUSTRIES (INDIA),31,0.5716129032258064
ADITYA BIRLA CAPITAL,30,1.4226666666666667
SAGILITY,30,1.0803333333333334
MOTHERSON SUMI WIRING INDIA,30,1.0023333333333333
LTM,30,0.8173333333333334
LENSKART SOLUTIONS,30,0.773
AMBUJA CEMENTS,29,1.1262068965517242
ABBOTT INDIA,29,1.0772413793103448
DR. LAL PATHLABS,29,1.04
ENDURANCE TECHNOLOGIES,29,0.7610344827586207
HEXAWARE TECHNOLOGIES,29,0.7524137931034482
SYNGENE INTERNATIONAL,29,0.666896551724138
JYOTI CNC AUTOMATION,29,0.6524137931034484
IDFC FIRST BANK,28,1.4510714285714283
ALKEM LABORATORIES,28,1.4507142857142856
AFFLE 3I,28,1.2639285714285715
OBEROI REALTY,28,0.9864285714285714
SOBHA,28,0.8235714285714285
EMAMI,28,0.7753571428571429
GLENMARK PHARMACEUTICALS,27,1.7822222222222222
COAL INDIA,27,1.635925925925926
CARBORUNDUM UNIVERSAL,27,0.8051851851851851
WHIRLPOOL OF INDIA,27,0.7307407407407408
DALMIA BHARAT,26,1.1588461538461539
AIA ENGINEERING,26,1.155
ASTRAL,26,1.0342307692307693
MOTILAL OSWAL FINANCIAL SERVICES,26,1.0338461538461539
GLAND PHARMA,26,1.0253846153846153
VOLTAS,26,0.9888461538461539
PETRONET LNG,26,0.9861538461538462
THE RAMCO CEMENTS,26,0.9330769230769231
DOMS INDUSTRIES,26,0.9188461538461539
COMPUTER AGE MANAGEMENT SERVICES,26,0.8634615384615384
METRO BRANDS,26,0.7061538461538461
TATA COMMUNICATIONS,25,1.4316
MAHINDRA & MAHINDRA FINANCIAL SERVICES,25,1.4056
ABB INDIA,25,1.3476
GLOBAL HEALTH,25,1.2116
TATA MOTORS PASSENGER VEHICLES,25,0.8515999999999999
ADITYA INFOTECH,24,1.5483333333333336
BHARAT DYNAMICS,24,1.19
THERMAX,24,1.1708333333333334
KAJARIA CERAMICS,24,0.9900000000000001
ADITYA BIRLA REAL ESTATE,24,0.7916666666666666
DLF,24,0.7066666666666667
NESTLE INDIA,23,2.1969565217391307
BANK OF MAHARASHTRA,23,1.6121739130434782
GRASIM INDUSTRIES,23,1.4552173913043478
TATA CAPITAL,23,0.9617391304347827
BALKRISHNA INDUSTRIES,23,0.9469565217391305
KFIN TECHNOLOGIES,23,0.8991304347826087
TRIVENI TURBINE,23,0.8456521739130435
KAYNES TECHNOLOGY INDIA,23,0.7234782608695652
KPIT TECHNOLOGIES,23,0.618695652173913
LINDE INDIA,22,1.3804545454545456
ORACLE FINANCIAL SERVICES SOFTWARE,22,1.2822727272727272
EQUITAS SMALL FINANCE BANK,22,0.9995454545454545
UNITED BREWERIES,22,0.9863636363636363
BIOCON,22,0.9672727272727273
ICICI PRUDENTIAL LIFE INSURANCE COMPANY,22,0.9654545454545453
PIDILITE INDUSTRIES,22,0.9177272727272728
REC,22,0.915909090909091
TBO TEK,22,0.6645454545454546
TD POWER SYSTEMS,21,1.7142857142857142
GABRIEL INDIA,21,1.2747619047619048
ANGEL ONE,21,1.2266666666666666
SANSERA ENGINEERING,21,1.2219047619047618
ADITYA BIRLA SUN LIFE AMC,21,1.158095238095238
JSW INFRASTRUCTURE,21,1.0695238095238095
SUNDARAM FINANCE,21,1.0585714285714285
METROPOLIS HEALTHCARE,21,1.0219047619047619
KALPATARU PROJECTS INTERNATIONAL,21,0.9995238095238096
GODREJ PROPERTIES,21,0.9914285714285714
CENTURY PLYBOARDS (INDIA),21,0.9219047619047619
HOME FIRST FINANCE COMPANY INDIA,21,0.9176190476190476
CONTAINER CORPORATION OF INDIA,21,0.8471428571428571
PRUDENT CORPORATE ADVISORY SERVICES,21,0.8419047619047619
GLAXOSMITHKLINE PHARMACEUTICALS,21,0.8400000000000001
DEVYANI INTERNATIONAL,21,0.7357142857142857
KEC INTERNATIONAL,21,0.6942857142857143
MTAR TECHNOLOGIES,20,1.8439999999999999
SJS ENTERPRISES,20,1.3135
SYRMA SGS TECHNOLOGY,20,1.29
DATA PATTERNS (INDIA),20,1.2595
NMDC,20,1.142
ECLERX SERVICES,20,1.0939999999999999
BIKAJI FOODS INTERNATIONAL,20,1.0385
SBI CARDS AND PAYMENT SERVICES,20,0.9824999999999999
PHYSICSWALLAH,20,0.944
MRS. BECTORS FOOD SPECIALITIES,20,0.849
CHALET HOTELS,20,0.8150000000000001
ARVIND FASHIONS,20,0.7965
PG ELECTROPLAST,20,0.784
GOKALDAS EXPORTS,20,0.773
CYIENT,20,0.7474999999999999
GUJARAT STATE PETRONET,20,0.7110000000000001
ITC HOTELS,20,0.683
FIRSTSOURCE SOLUTIONS,20,0.678
STEEL AUTHORITY OF INDIA,19,1.4131578947368422
HDB FINANCIAL SERVICES,19,1.1831578947368422
KSB,19,1.1736842105263159
3M INDIA,19,1.0773684210526315
JUBILANT INGREVIA,19,1.05
RAINBOW CHILDREN'S MEDICARE,19,0.8478947368421053
CARTRADE TECH,19,0.8431578947368421
HYUNDAI MOTOR INDIA,19,0.78
HAVELLS INDIA,19,0.761578947368421
WEWORK INDIA MANAGEMENT,19,0.7589473684210526
SUMITOMO CHEMICAL INDIA,19,0.7542105263157894
LEMON TREE HOTELS,19,0.7263157894736842
COHANCE LIFESCIENCES,19,0.67
AARTI INDUSTRIES,19,0.6352631578947369
PINE LABS,19,0.5584210526315789
JYOTHY LABS,19,0.5499999999999999
CCL PRODUCTS (INDIA),18,1.6366666666666667
GODFREY PHILLIPS INDIA,18,1.4216666666666666
ERIS LIFESCIENCES,18,1.2994444444444444
ESCORTS KUBOTA,18,1.046111111111111
CANARA BANK,18,1.0366666666666666
POONAWALLA FINCORP,18,0.9694444444444444
DEEPAK NITRITE,18,0.7855555555555556
PIRAMAL PHARMA,18,0.7733333333333333
GUJARAT FLUOROCHEMICALS,18,0.745
RHI MAGNESITA INDIA,18,0.6861111111111111
BIRLASOFT,18,0.6372222222222222
AWFIS SPACE SOLUTIONS,18,0.4838888888888889
PIRAMAL FINANCE,17,1.6823529411764706
NIFTY 50,17,1.5835294117647059
LAURUS LABS,17,1.5535294117647058
CAN FIN HOMES,17,1.46
SUZLON ENERGY,17,1.3958823529411766
BERGER PAINTS INDIA,17,1.07
VIJAYA DIAGNOSTIC CENTRE,17,1.0405882352941178
BANDHAN BANK,17,0.9335294117647058
SIEMENS ENERGY INDIA,17,0.7358823529411764
GILLETTE INDIA,17,0.7276470588235294
PREMIER ENERGIES,16,1.92875
ONESOURCE SPECIALTY PHARMA,16,1.74125
AVALON TECHNOLOGIES,16,1.378125
VOLTAMP TRANSFORMERS,16,1.35125
ARVIND,16,1.25625
BALRAMPUR CHINI MILLS,16,1.114375
ATUL,16,1.10625
EXIDE INDUSTRIES,16,0.951875
APTUS VALUE HOUSING FINANCE INDIA,16,0.910625
COLGATE-PALMOLIVE (INDIA),16,0.8975
SIEMENS,16,0.764375
CENTRAL DEPOSITORY SERVICES (INDIA),16,0.689375
ORIENT ELECTRIC,16,0.56125
ADANI POWER,15,3.5020000000000002
WELSPUN CORP,15,1.5479999999999998
KIRLOSKAR PNEUMATIC COMPANY,15,1.4013333333333333
ENGINEERS INDIA,15,1.2286666666666666
THE GREAT EASTERN SHIPPING COMPANY,15,1.1773333333333333
JINDAL STAINLESS,15,1.1193333333333333
CEAT,15,1.116
GO DIGIT GENERAL INSURANCE,15,1.1106666666666667
GAIL (INDIA),15,0.9259999999999999
RATNAMANI METALS & TUBES,15,0.8646666666666667
NARAYANA HRUDAYALAYA,15,0.8413333333333334
CANARA HSBC LIFE INSURANCE COMPANY,15,0.8173333333333334
TENNECO CLEAN AIR INDIA,15,0.734
GRINDWELL NORTON,15,0.7173333333333333
LEELA PALACES HOTELS & RESORTS,15,0.7086666666666667
JK LAKSHMI CEMENT,15,0.708
JSW DULUX,15,0.6906666666666667
FRACTAL ANALYTICS,15,0.5906666666666667
CIE AUTOMOTIVE INDIA,15,0.5640000000000001
SCHNEIDER ELECTRIC INFRASTRUCTURE,14,1.387857142857143
SHREE CEMENT,14,1.3157142857142856
MANAPPURAM FINANCE,14,1.2714285714285716
URBAN COMPANY,14,1.0364285714285715
BOSCH,14,1.032857142857143
TRAVEL FOOD SERVICES,14,0.9628571428571429
PVR INOX,14,0.8907142857142858
AETHER INDUSTRIES,14,0.7971428571428572
JSW CEMENT,14,0.75
NTPC GREEN ENERGY,14,0.7378571428571429
SKF INDIA (INDUSTRIAL),14,0.6814285714285714
SEDEMAC MECHATRONICS,14,0.6542857142857142
VINATI ORGANICS,14,0.6371428571428571
WESTLIFE FOODWORLD,14,0.5928571428571429
TEAMLEASE SERVICES,14,0.43642857142857144
VEDANT FASHIONS,14,0.3378571428571429
WAKEFIT INNOVATIONS,14,0.3285714285714286
DCB BANK,13,1.3676923076923078
WOCKHARDT,13,1.2807692307692307
SHAKTI PUMPS (INDIA),13,1.2515384615384615
TECHNO ELECTRIC & ENGINEERING COMPANY,13,1.2484615384615385
DR. AGARWAL'S HEALTH CARE,13,1.2430769230769232
CRISIL,13,1.2123076923076923
LIC HOUSING FINANCE,13,1.2053846153846153
CESC,13,0.9715384615384615
V-GUARD INDUSTRIES,13,0.9261538461538462
UNION BANK OF INDIA,13,0.8892307692307693
AADHAR HOUSING FINANCE,13,0.8761538461538462
ETHOS,13,0.7969230769230768
CLEAN MAX ENVIRO ENERGY SOLUTIONS,13,0.7876923076923077
TITAGARH RAIL SYSTEMS,13,0.7415384615384616
SANOFI CONSUMER HEALTHCARE INDIA,13,0.7007692307692307
ZENSAR TECHNOLOGIES,13,0.6546153846153846
CLEAN SCIENCE AND TECHNOLOGY,13,0.37307692307692303
LLOYDS METALS & ENERGY,12,3.2883333333333336
SHAILY ENGINEERING PLASTICS,12,1.7774999999999999
PTC INDUSTRIES,12,1.6008333333333333
LIFE INSURANCE CORPORATION OF INDIA,12,1.3558333333333332
TEGA INDUSTRIES,12,1.2858333333333334
LUMAX AUTO TECHNOLOGIES,12,1.2808333333333333
WIPRO,12,1.2425
STAR HEALTH AND ALLIED INSURANCE COMPANY,12,1.1425
CMS INFO SYSTEMS,12,1.1183333333333334
EIH,12,1.065
PFIZER,12,1.0341666666666667
FIVE-STAR BUSINESS FINANCE,12,0.9983333333333334
V-MART RETAIL,12,0.96
ZYDUS LIFESCIENCES,12,0.8908333333333333
APOLLO TYRES,12,0.7833333333333333
NUVOCO VISTAS CORPORATION,12,0.7566666666666667
POLY MEDICURE,12,0.7066666666666667
HONEYWELL AUTOMATION INDIA,12,0.6883333333333334
FINE ORGANIC INDUSTRIES,12,0.56
INDIGO PAINTS,12,0.425
BEML,11,1.1236363636363635
IIFL FINANCE,11,1.0318181818181817
E.I.D. - PARRY (INDIA),11,1.002727272727273
BAYER CROPSCIENCE,11,0.9881818181818183
NHPC,11,0.9863636363636363
UTI ASSET MANAGEMENT COMPANY,11,0.9227272727272727
EMCURE PHARMACEUTICALS,11,0.9163636363636364
ELECON ENGINEERING COMPANY,11,0.8918181818181818
SUNDRAM FASTENERS,11,0.8736363636363635
R R KABEL,11,0.870909090909091
DABUR INDIA,11,0.8581818181818182
THE INDIA CEMENTS,11,0.8509090909090908
INDIA SHELTER FINANCE CORPORATION,11,0.7927272727272726
MRF,11,0.7672727272727272
CSB BANK,11,0.7481818181818182
CERA SANITARYWARE,11,0.7227272727272728
INTERNATIONAL GEMOLOGICAL INSTITUTE,11,0.72
GR INFRAPROJECTS,11,0.5854545454545454
GREENPANEL INDUSTRIES,11,0.5681818181818182
MEESHO,11,0.5672727272727273
BIRLA CORPORATION,11,0.5390909090909091
BATA INDIA,11,0.52
ROLEX RINGS,11,0.5045454545454545
PNC INFRATECH,11,0.40090909090909094
KWALITY WALL'S (INDIA),11,0.2072727272727273
ADANI ENTERPRISES,10,3.1239999999999997
KALYAN JEWELLERS INDIA,10,2.857
ANAND RATHI WEALTH,10,1.566
USHA MARTIN,10,1.5210000000000001
ZYDUS WELLNESS,10,1.331
SUN TV NETWORK,10,1.22
ALLIED BLENDERS AND DISTILLERS,10,1.13
AZAD ENGINEERING,10,0.97
CARRARO INDIA,10,0.968
NUVAMA WEALTH MANAGEMENT,10,0.9630000000000001
INVENTURUS KNOWLEDGE SOLUTIONS,10,0.9019999999999999
AAVAS FINANCIERS,10,0.874
MAHINDRA LIFESPACE DEVELOPERS,10,0.866
EUREKA FORBES,10,0.843
SBFC FINANCE,10,0.812
L&T TECHNOLOGY SERVICES,10,0.806
HAPPY FORGINGS,10,0.77
VESUVIUS INDIA,10,0.704
ACC,10,0.697
BHARAT BIJLEE,10,0.6679999999999999
AFCONS INFRASTRUCTURE,10,0.493
INTELLECT DESIGN ARENA,10,0.453
NEOGEN CHEMICALS,10,0.41600000000000004
ADANI ENERGY SOLUTIONS,9,2.1122222222222224
SKY GOLD AND DIAMONDS,9,1.8266666666666669
RUBICON RESEARCH,9,1.738888888888889
THANGAMAYIL JEWELLERY,9,1.5611111111111111
HOUSING & URBAN DEVELOPMENT CORPORATION,9,1.2644444444444443
HINDUSTAN COPPER,9,1.26
MINDA CORPORATION,9,1.218888888888889
SUDARSHAN CHEMICAL INDUSTRIES,9,1.1011111111111112
BANK OF INDIA,9,1.0477777777777777
HEALTHCARE GLOBAL ENTERPRISES,9,0.9777777777777779
GRAPHITE INDIA,9,0.8833333333333333
NETWEB TECHNOLOGIES INDIA,9,0.8766666666666667
AMAGI MEDIA LABS,9,0.8766666666666666
CAMPUS ACTIVEWEAR,9,0.8633333333333333
VARDHMAN TEXTILES,9,0.8155555555555556
CORONA REMEDIES,9,0.7622222222222222
TATA CHEMICALS,9,0.7355555555555555
ARCHEAN CHEMICAL INDUSTRIES,9,0.6922222222222223
SKF INDIA,9,0.6466666666666667
ALEMBIC PHARMACEUTICALS,9,0.6355555555555555
INDIQUBE SPACES,9,0.6233333333333334
POWER MECH PROJECTS,9,0.6188888888888889
NIVA BUPA HEALTH INSURANCE COMPANY,9,0.581111111111111
BANSAL WIRE INDUSTRIES,9,0.5455555555555556
CARE RATINGS,9,0.5344444444444445
BLACKBUCK,9,0.5211111111111112
GREENPLY INDUSTRIES,9,0.5066666666666666
MASTEK,9,0.39
CHEMPLAST SANMAR,9,0.27555555555555555
QUALITY POWER ELECTRICAL EQUIPMENTS,8,2.61
GARWARE HI-TECH FILMS,8,2.1212500000000003
WAAREE ENERGIES,8,2.095
TVS HOLDINGS,8,1.69875
JAIN RESOURCE RECYCLING,8,1.5562500000000001
UPL,8,1.3225
ADITYA VISION,8,1.21
HINDUSTAN ZINC,8,1.185
STERLITE TECHNOLOGIES,8,1.17125
NIFTY BANK,8,1.12625
INGERSOLL-RAND (INDIA),8,1.0787499999999999
STYLAM INDUSTRIES,8,1.05875
DODLA DAIRY,8,1.055
PARADEEP PHOSPHATES,8,1.05125
NLC INDIA,8,1.045
AWL AGRI BUSINESS,8,1.02875
GMR AIRPORTS,8,1.00375
AHLUWALIA CONTRACTS (INDIA),8,0.97375
DEEPAK FERTILISERS AND PETROCHEMICALS CORPORATION,8,0.84
JIO FINANCIAL SERVICES,8,0.81375
RESTAURANT BRANDS ASIA,8,0.79125
MEDPLUS HEALTH SERVICES,8,0.78625
AMARA RAJA ENERGY & MOBILITY,8,0.76625
ELGI EQUIPMENTS,8,0.75875
MAZAGON DOCK SHIPBUILDERS,8,0.74375
INDEGENE,8,0.74125
PRAJ INDUSTRIES,8,0.71
KNR CONSTRUCTIONS,8,0.6825
SONATA SOFTWARE,8,0.6825
ICRA,8,0.6437499999999999
ASTRAZENECA PHARMA INDIA,8,0.6174999999999999
INDIAMART INTERMESH,8,0.59
GUJARAT GAS,8,0.5025
ELECTRONICS MART INDIA,8,0.475
MAX ESTATES,8,0.3825
SHEELA FOAM,8,0.3775
SAPPHIRE FOODS INDIA,8,0.365
NEWGEN SOFTWARE TECHNOLOGIES,8,0.3375
ADITYA BIRLA FASHION AND RETAIL,8,0.275
HEG,7,1.82
TIPS INDUSTRIES,7,1.3671428571428572
GODREJ INDUSTRIES,7,1.2857142857142858
BELRISE INDUSTRIES,7,1.1814285714285713
NITIN SPINNERS,7,1.1285714285714286
ASK AUTOMOTIVE,7,1.0485714285714285
SANDHAR TECHNOLOGIES,7,0.9471428571428572
SHADOWFAX TECHNOLOGIES,7,0.9214285714285715
NBCC (INDIA),7,0.8985714285714286
JINDAL SAW,7,0.8757142857142857
PROCTER & GAMBLE HYGIENE AND HEALTH CARE,7,0.8671428571428572
V2 RETAIL,7,0.8628571428571429
ZAGGLE PREPAID OCEAN SERVICES,7,0.8628571428571429
THE SOUTH INDIAN BANK,7,0.8142857142857143
REDINGTON,7,0.7999999999999999
INDIAN OIL CORPORATION,7,0.7885714285714285
RATEGAIN TRAVEL TECHNOLOGIES,7,0.7471428571428572
JUPITER LIFE LINE HOSPITALS,7,0.7000000000000001
CAPILLARY TECHNOLOGIES INDIA,7,0.687142857142857
SENCO GOLD,7,0.6799999999999999
EPL,7,0.6614285714285714
POWERICA,7,0.5985714285714285
LATENT VIEW ANALYTICS,7,0.5971428571428571
REPCO HOME FINANCE,7,0.58
MEDI ASSIST HEALTHCARE SERVICES,7,0.5528571428571428
INDRAPRASTHA GAS,7,0.5328571428571428
VRL LOGISTICS,7,0.48714285714285716
ROSSARI BIOTECH,7,0.41000000000000003
BRAINBEES SOLUTIONS,7,0.33285714285714285
SUDEEP PHARMA,7,0.22
SANOFI INDIA,7,0.14285714285714285
ADANI GREEN ENERGY,6,4.701666666666667
VA TECH WABAG,6,2.0766666666666667
PRICOL,6,1.6083333333333334
SWAN CORP,6,1.5916666666666668
FIEM INDUSTRIES,6,1.4683333333333335
INOX INDIA,6,1.405
GRAVITA INDIA,6,1.3616666666666666
MANORAMA INDUSTRIES,6,1.3550000000000002
EMMVEE PHOTOVOLTAIC POWER,6,1.2466666666666668
MAS FINANCIAL SERVICES,6,1.2149999999999999
ALIVUS LIFE SCIENCES,6,1.1633333333333333
CEMINDIA PROJECTS,6,1.1199999999999999
TIME TECHNOPLAST,6,1.0166666666666666
PEARL GLOBAL INDUSTRIES,6,0.995
FINOLEX CABLES,6,0.8733333333333334
ADITYA BIRLA LIFESTYLE BRANDS,6,0.8416666666666667
JK TYRE & INDUSTRIES,6,0.8283333333333333
DHANUKA AGRITECH,6,0.8250000000000001
MOLD-TEK PACKAGING,6,0.77
KIRLOSKAR FERROUS INDUSTRIES,6,0.6633333333333334
GATEWAY DISTRIPARKS,6,0.6483333333333333
OTHERS,6,0.6483333333333333
SUPRAJIT ENGINEERING,6,0.5733333333333334
CIGNITI TECHNOLOGIES,6,0.5283333333333333
NESCO,6,0.5283333333333333
GANESHA ECOSPHERE,6,0.5183333333333333
MAHANAGAR GAS,6,0.48500000000000004
ASTRA MICROWAVE PRODUCTS,6,0.435
ORKLA INDIA,6,0.43
AJAX ENGINEERING,6,0.4283333333333333
LA OPALA RG,6,0.35000000000000003
ORCHID PHARMA,6,0.305
DIGITIDE SOLUTIONS,6,0.18166666666666664
GODAWARI POWER AND ISPAT,5,2.596
IRB INFRASTRUCTURE DEVELOPERS,5,2.274
SHRIRAM PISTONS & RINGS,5,1.582
FORCE MOTORS,5,1.402
PUNJAB NATIONAL BANK,5,1.3940000000000001
THE JAMMU & KASHMIR BANK,5,1.242
ASAHI INDIA GLASS,5,1.108
OLA ELECTRIC MOBILITY,5,1.104
TRIVENI ENGINEERING & INDUSTRIES,5,1.1
TRANSPORT CORPORATION OF INDIA,5,1.084
FINOLEX INDUSTRIES,5,1.03
ANANT RAJ,5,0.9960000000000001
VODAFONE IDEA,5,0.992
MARKSANS PHARMA,5,0.982
GENERAL INSURANCE CORPORATION OF INDIA,5,0.95
P N GADGIL JEWELLERS,5,0.93
STRIDES PHARMA SCIENCE,5,0.8959999999999999
THYROCARE TECHNOLOGIES,5,0.844
BLUE DART EXPRESS,5,0.818
ELLENBARRIE INDUSTRIAL GASES,5,0.786
CYIENT DLM,5,0.76
CE INFO SYSTEMS,5,0.758
TINNA RUBBER AND INFRASTRUCTURE,5,0.748
GARWARE TECHNICAL FIBRES,5,0.6799999999999999
CONCORD BIOTECH,5,0.674
DYNAMATIC TECHNOLOGIES,5,0.6679999999999999
ION EXCHANGE (INDIA),5,0.6679999999999999
EDELWEISS FINANCIAL SERVICES,5,0.6639999999999999
GALAXY SURFACTANTS,5,0.662
SHIPPING CORPORATION OF INDIA,5,0.6559999999999999
SHOPPERS STOP,5,0.624
SUBROS,5,0.624
JAMNA AUTO INDUSTRIES,5,0.608
INDIAN RAILWAY CATERING & TOURISM CORPORATION,5,0.6
GULF OIL LUBRICANTS INDIA,5,0.5900000000000001
BAJAJ ELECTRICALS,5,0.5820000000000001
GHCL,5,0.542
OSWAL PUMPS,5,0.536
NCC,5,0.532
AEQUS,5,0.514
STYRENIX PERFORMANCE MATERIALS,5,0.496
PRINCE PIPES AND FITTINGS,5,0.49000000000000005
BRIGADE HOTEL VENTURES,5,0.484
LODHA DEVELOPERS,5,0.48200000000000004
INDIAN ENERGY EXCHANGE,5,0.47400000000000003
GMM PFAUDLER,5,0.46399999999999997
AUTOMOTIVE AXLES,5,0.45199999999999996
SAREGAMA INDIA,5,0.446
SHARDA MOTOR INDUSTRIES,5,0.44399999999999995
JUNIPER HOTELS,5,0.41
KANSAI NEROLAC PAINTS,5,0.40199999999999997
KEWAL KIRAN CLOTHING,5,0.40199999999999997
SESHAASAI TECHNOLOGIES,5,0.372
GO FASHION (INDIA),5,0.22400000000000003
AYE FINANCE,5,0.21799999999999997
OMNITECH ENGINEERING,5,0.21399999999999997
ZEE ENTERTAINMENT ENTERPRISES,5,0.13999999999999999
BAJAJ HOLDINGS & INVESTMENT,4,3.14
SUPRIYA LIFESCIENCE,4,1.8725
LT FOODS,4,1.8175
SUPREME PETROCHEM,4,1.7025000000000001
GNG ELECTRONICS,4,1.25
NATCO PHARMA,4,1.25
THE KARNATAKA BANK,4,1.185
CAPLIN POINT LABORATORIES,4,1.175
DEE DEVELOPMENT ENGINEERS,4,1.1
GODREJ AGROVET,4,1.0474999999999999
BASF INDIA,4,1.0375
GUJARAT PIPAVAV PORT,4,1.0025
NIIT LEARNING SYSTEMS,4,0.96
MAHINDRA LOGISTICS,4,0.95
JTEKT INDIA,4,0.925
JUBILANT PHARMOVA,4,0.9225
KIRLOSKAR BROTHERS,4,0.9225
SANATHAN TEXTILES,4,0.9175
CELLO WORLD,4,0.91
MIDWEST,4,0.9075
KENNAMETAL INDIA,4,0.905
BAJAJ CONSUMER CARE,4,0.87
VENTIVE HOSPITALITY,4,0.865
VISHNU CHEMICALS,4,0.855
AKUMS DRUGS AND PHARMACEUTICALS,4,0.815
JM FINANCIAL,4,0.78
SHIVALIK BIMETAL CONTROLS,4,0.755
ACME SOLAR HOLDINGS,4,0.7475
THIRUMALAI CHEMICALS,4,0.7475
INDO COUNT INDUSTRIES,4,0.7375
SENORES PHARMACEUTICALS,4,0.7375
PITTI ENGINEERING,4,0.72
REDTAPE,4,0.715
CANARA ROBECO ASSET MANAGEMENT COMPANY,4,0.71
SWARAJ ENGINES,4,0.71
QUESS CORP,4,0.7
DCM SHRIRAM,4,0.6975
MOIL,4,0.6775
VIP INDUSTRIES,4,0.6725
WELSPUN LIVING,4,0.665
HATSUN AGRO PRODUCT,4,0.6425
LG BALAKRISHNAN & BROS,4,0.6275000000000001
VARROC ENGINEERING,4,0.6024999999999999
HERITAGE FOODS,4,0.5875
LE TRAVENUES TECHNOLOGY,4,0.5700000000000001
TTK PRESTIGE,4,0.5625
XPRO INDIA,4,0.56
AVANTI FEEDS,4,0.5249999999999999
KRN HEAT EXCHANGER AND REFRIGERATION,4,0.51
YATRA ONLINE,4,0.495
HI-TECH PIPES,4,0.48750000000000004
INNOVA CAPTAB,4,0.4875
E2E NETWORKS,4,0.475
BLUESTONE JEWELLERY AND LIFESTYLE,4,0.46749999999999997
RELAXO FOOTWEARS,4,0.4575
GREENLAM INDUSTRIES,4,0.445
SHILPA MEDICARE,4,0.405
GUFIC BIOSCIENCES,4,0.3
DIVGI TORQTRANSFER SYSTEMS,4,0.29
INDOCO REMEDIES,4,0.255
EPACK PREFAB TECHNOLOGIES,4,0.1675
CAPRI GLOBAL CAPITAL,3,3.34
ZEN TECHNOLOGIES,3,2.7466666666666666
KSH INTERNATIONAL,3,1.9066666666666665
LUMAX INDUSTRIES,3,1.61
YES BANK,3,1.5899999999999999
MICROSOFT CORPORTION (US),3,1.4433333333333334
KILBURN ENGINEERING,3,1.3933333333333333
SAMHI HOTELS,3,1.3866666666666667
ELANTAS BECK INDIA,3,1.2733333333333332
ATLANTA ELECTRICALS,3,1.2699999999999998
GARDEN REACH SHIPBUILDERS & ENGINEERS,3,1.0999999999999999
VIDYA WIRES,3,1.0833333333333333
PARK MEDI WORLD,3,1.07
BLACK BOX,3,1.0466666666666666
AEGIS VOPAK TERMINALS,3,1.0366666666666666
ESAB INDIA,3,1.0366666666666666
SUNDARAM - CLAYTON DCD,3,1.0366666666666666
AEGIS LOGISTICS,3,1.0233333333333334
SHARDA CROPCHEM,3,0.9733333333333333
NORTHERN ARC CAPITAL,3,0.9633333333333334
YATHARTH HOSPITAL & TRAUMA CARE SERVICES,3,0.9366666666666666
GUJARAT STATE FERTILIZERS & CHEMICALS,3,0.9133333333333334
HONDA INDIA POWER PRODUCTS,3,0.8533333333333334
SYMPHONY,3,0.8333333333333334
PCBL CHEMICAL,3,0.8166666666666668
TVS SRICHAKRA,3,0.7666666666666666
HONASA CONSUMER,3,0.7633333333333333
GK ENERGY,3,0.7599999999999999
S.P. APPARELS,3,0.7266666666666667
SMARTWORKS COWORKING SPACES,3,0.7200000000000001
HINDUSTAN FOODS,3,0.71
SAATVIK GREEN ENERGY,3,0.6866666666666666
GUJARAT NARMADA VALLEY FERTILIZERS & CHEMICALS,3,0.6766666666666667
SURAKSHA DIAGNOSTIC,3,0.6633333333333333
NOCIL,3,0.66
IFB INDUSTRIES,3,0.6466666666666666
FUSION FINANCE,3,0.6433333333333334
KEYSTONE REALTORS,3,0.6333333333333333
KOVAI MEDICAL CENTER & HOSPITAL,3,0.58
TILAKNAGAR INDUSTRIES,3,0.5766666666666667
JK PAPER,3,0.5666666666666667
MAHARASHTRA SEAMLESS,3,0.5666666666666667
EMBASSY DEVELOPMENTS,3,0.56
INOX WIND,3,0.5566666666666666
VENUS PIPES & TUBES,3,0.52
WEST COAST PAPER MILLS,3,0.5133333333333333
R SYSTEMS INTERNATIONAL,3,0.5033333333333333
ISGEC HEAVY ENGINEERING,3,0.49
VIKRAM SOLAR,3,0.48666666666666664
NILKAMAL,3,0.47333333333333333
SOMANY CERAMICS,3,0.45999999999999996
JNK INDIA,3,0.4533333333333333
CHAMBAL FERTILISERS AND CHEMICALS,3,0.4466666666666666
EPIGRAL,3,0.43333333333333335
TATA ELXSI,3,0.4166666666666667
JUST DIAL,3,0.4066666666666667
IFGL REFRACTORIES,3,0.4000000000000001
KALYANI STEELS,3,0.3933333333333333
FDC,3,0.37000000000000005
RALLIS INDIA,3,0.36999999999999994
HEIDELBERG CEMENT INDIA,3,0.3666666666666667
CAMLIN FINE SCIENCES,3,0.36333333333333334
CASTROL INDIA,3,0.33
OPTIEMUS INFRACOM,3,0.2866666666666667
LMW,3,0.26
RANE HOLDINGS,3,0.25333333333333335
UPDATER SERVICES,3,0.25333333333333335
H.G. INFRA ENGINEERING,3,0.24666666666666667
MAHINDRA HOLIDAYS & RESORTS INDIA,3,0.24
UNITED FOODBRANDS,3,0.23666666666666666
BLUSPRING ENTERPRISES,3,0.2333333333333333
LAXMI DENTAL,3,0.20666666666666667
NAZARA TECHNOLOGIES,3,0.19666666666666666
SULA VINEYARDS,3,0.18666666666666668
NUCLEUS SOFTWARE EXPORTS,3,0.1466666666666667
SAI SILKS (KALAMANDIR),3,0.13999999999999999
NATIONAL SECURITIES DEPOSITORY,3,0.12666666666666668
TCI EXPRESS,3,0.12333333333333334
ARMAN FINANCIAL SERVICES,3,0.07
EMA PARTNERS INDIA,3,0.06333333333333334
STL NETWORKS,3,0.023333333333333334
ALPHABET INC CLASS A,2,3.08
MAHARASHTRA SCOOTERS,2,2.6100000000000003
JANA SMALL FINANCE BANK,2,2.005
HFCL,2,1.9
RELIGARE ENTERPRISES,2,1.725
FEDBANK FINANCIAL SERVICES,2,1.64
RAJRATAN GLOBAL WIRE,2,1.57
IIFL CAPITAL SERVICES,2,1.52
CARYSIL,2,1.485
META PLATFORMS INC,2,1.415
TRANSFORMERS AND RECTIFIERS INDIA,2,1.315
GRANULES INDIA,2,1.31
PRIVI SPECIALITY CHEMICALS,2,1.275
COCHIN SHIPYARD,2,1.25
RAILTEL CORPORATION OF INDIA,2,1.235
WONDERLA HOLIDAYS,2,1.215
SANGHVI MOVERS,2,1.1949999999999998
HAPPIEST MINDS TECHNOLOGIES,2,1.19
NETWORK PEOPLE SERVICES TECHNOLOGIES,2,1.135
GENUS POWER INFRASTRUCTURES,2,1.105
SWAN DEFENCE AND HEAVY INDUSTRIES,2,1.08
PATANJALI FOODS,2,1.04
MAYUR UNIQUOTERS,2,0.9550000000000001
VIYASH SCIENTIFIC,2,0.9400000000000001
HARSHA ENGINEERS INTERNATIONAL,2,0.865
PROCTER & GAMBLE HEALTH,2,0.855
V.S.T. TILLERS TRACTORS,2,0.855
CHENNAI PETROLEUM CORPORATION,2,0.8250000000000001
SH KELKAR AND COMPANY,2,0.8200000000000001
STEELCAST,2,0.82
GLOBUS SPIRITS,2,0.81
NAVKAR CORPORATION,2,0.81
ACTION CONSTRUCTION EQUIPMENT,2,0.8
KRSNAA DIAGNOSTICS,2,0.755
HAWKINS COOKERS,2,0.75
GODAVARI BIOREFINERIES,2,0.71
HIMADRI SPECIALITY CHEMICAL,2,0.69
SIS,2,0.67
SIGNATUREGLOBAL (INDIA),2,0.635
STOVE KRAFT,2,0.615
SUNDROP BRANDS,2,0.615
CENTRAL MINE PLANNING & DESIGN INSTITUTE,2,0.605
BHARAT RASAYAN,2,0.6000000000000001
FLAIR WRITING INDUSTRIES,2,0.6000000000000001
WHEELS INDIA,2,0.6
TARC,2,0.595
CENTURY ENKA,2,0.575
EURO PRATIK SALES,2,0.5549999999999999
M&B ENGINEERING,2,0.52
NMDC STEEL,2,0.46499999999999997
POKARNA,2,0.445
VARDHMAN SPECIAL STEELS,2,0.415
TRUALT BIOENERGY,2,0.395
PSP PROJECTS,2,0.385
PDS,2,0.355
NAVNEET EDUCATION,2,0.33499999999999996
APEEJAY SURRENDRA PARK HOTELS,2,0.315
KALPATARU,2,0.31
RAYMOND LIFESTYLE,2,0.265
BOSCH HOME COMFORT INDIA,2,0.25
BAJAJ HOUSING FINANCE,2,0.24
AGI GREENPAC,2,0.22999999999999998
SAGAR CEMENTS,2,0.225
ECOS (INDIA) MOBILITY & HOSPITALITY,2,0.22000000000000003
BHARAT COKING COAL,2,0.19
RISHABH INSTRUMENTS,2,0.19
ALICON CASTALLOY,2,0.18
LANDMARK CARS,2,0.14
WINDLAS BIOTECH,2,0.135
STANLEY LIFESTYLES,2,0.10500000000000001
BAJEL PROJECTS,2,0.1
JAGRAN PRAKASHAN,2,0.075
PTC INDIA,2,0.07
ONEMI TECHNOLOGY SOLUTIONS,2,0.05500000000000001
CHENNAI SUPER KINGS,2,0.04
ASTEC LIFESCIENCES,2,0.030000000000000002
ONWARD TECHNOLOGIES,2,0.03
CAPITALNUMBERS INFOTECH,2,0.025
GENUS PRIME INFRASTRUCTURES,2,0.02
NIFTY MIDCAP SELECT INDEX,1,4.67
SAMMAAN CAPITAL,1,4.54
AMAZON. COM INC. (USA),1,2.47
BLS INTERNATIONAL SERVICES,1,2.2
AEROFLEX INDUSTRIES,1,1.69
SHREEJI SHIPPING GLOBAL,1,1.66
YASH HIGHVOLTAGE,1,1.66
ANUPAM RASAYAN INDIA,1,1.55
SURYA ROSHNI,1,1.45
UNIPARTS INDIA,1,1.42
TAIWAN SEMICONDUCTOR MANUFACTURING COMPANY  - ADR,1,1.36
MPS,1,1.35
AARTI DRUGS,1,1.34
ZUARI INDUSTRIES,1,1.33
NEPHROCARE HEALTH SERVICES,1,1.32
STANDARD ENGINEERING TECHNOLOGY,1,1.19
ENTERO HEALTHCARE SOLUTIONS,1,1.18
GOODLUCK INDIA,1,1.16
WELSPUN ENTERPRISES,1,1.16
SAMBHV STEEL TUBES,1,1.09
VST INDUSTRIES,1,1.06
MARATHON NEXTGEN REALTY,1,1.04
SHYAM METALICS AND ENERGY,1,1.03
STAR CEMENT,1,1.01
SOLARWORLD ENERGY SOLUTIONS,1,0.98
IDBI BANK,1,0.97
RELIANCE INFRASTRUCTURE,1,0.97
TCPL PACKAGING,1,0.95
KAVERI SEED COMPANY,1,0.94
NVIDIA CORPORATION (USA),1,0.93
INDIAN METALS & FERRO ALLOYS,1,0.92
KNOWLEDGE MARINE & ENGINEERING WORKS,1,0.92
ROSSELL TECHSYS,1,0.91
GOPAL SNACKS,1,0.9
SHANKARA BUILDPRO,1,0.9
WENDT (INDIA),1,0.88
PATEL ENGINEERING,1,0.86
RASHI PERIPHERALS,1,0.86
AXIS NIFTY 50 ETF-GROWTH,1,0.85
COGNIZANT TECHNOLOGY SOLUTIONS CORP.,1,0.85
EPAM SYSTEMS INC,1,0.84
GUJARAT ALKALIES AND CHEMICALS,1,0.83
CAPITAL SMALL FINANCE BANK,1,0.8
SPANDANA SPHOORTY FINANCIAL,1,0.8
THE ANUP ENGINEERING,1,0.8
INDIAN RENEWABLE ENERGY DEVELOPMENT AGENCY,1,0.76
KINGFA SCIENCE & TECHNOLOGY (INDIA),1,0.74
RAMKRISHNA FORGINGS,1,0.74
THOMAS COOK (INDIA),1,0.73
GE POWER INDIA,1,0.71
YASHO INDUSTRIES,1,0.7
MM FORGINGS,1,0.69
ARVIND SMARTSPACES,1,0.67
APOLLO PIPES,1,0.66
NRB BEARINGS,1,0.65
TRANSRAIL LIGHTING,1,0.64
DISHMAN CARBOGEN AMCIS,1,0.63
INTERARCH BUILDING SOLUTIONS,1,0.59
UNICOMMERCE ESOLUTIONS,1,0.59
BOROSIL,1,0.57
IVALUE INFOSOLUTIONS,1,0.57
UNICHEM LABORATORIES,1,0.56
HIKAL,1,0.55
ASHOKA BUILDCON,1,0.54
RAMCO INDUSTRIES,1,0.54
EVEREADY INDUSTRIES INDIA,1,0.52
MANGALORE REFINERY AND PETROCHEMICALS,1,0.52
VASA DENTICITY,1,0.52
PACE DIGITEK,1,0.5
ASTRAZENECA PLC,1,0.49
INSECTICIDES (INDIA),1,0.48
WPIL,1,0.48
TJX COMPANIES INC,1,0.47
BLUE JET HEALTHCARE,1,0.46
PENNAR INDUSTRIES,1,0.46
TATVA CHINTAN PHARMA CHEM,1,0.46
TAMIL NADU NEWSPRINT & PAPERS,1,0.45
TSF INVESTMENTS,1,0.45
PRISM JOHNSON,1,0.44
ALKYL AMINES CHEMICALS,1,0.43
AMRUTANJAN HEALTH CARE,1,0.43
HLE GLASCOAT,1,0.43
JSW HOLDINGS,1,0.43
VINTAGE COFFEE & BEVERAGES,1,0.43
DILIP BUILDCON,1,0.42
GALLANTT ISPAT,1,0.39
ANDHRA PAPER,1,0.38
CENTUM ELECTRONICS,1,0.38
GNA AXLES,1,0.37
ALLCARGO GLOBAL,1,0.36
RAIN INDUSTRIES,1,0.36
SRI LOTUS DEVELOPERS AND REALTY,1,0.35
EMUDHRA,1,0.34
INOX GREEN ENERGY SERVICES,1,0.33
SUVEN LIFE SCIENCES,1,0.33
KOLTE-PATIL DEVELOPERS,1,0.32
POPULAR VEHICLES AND SERVICES,1,0.32
SG FINSERVE,1,0.32
ARISTA NETWORKS INC,1,0.31
EPACK DURABLE,1,0.31
LAXMI ORGANIC INDUSTRIES,1,0.31
BAAZAR STYLE RETAIL,1,0.3
INDIA GLYCOLS,1,0.3
KLA CORPORATION,1,0.3
PARKER-HANNIFIN CORP,1,0.3
SKIPPER,1,0.3
GUJARAT AMBUJA EXPORTS,1,0.29
PONDY OXIDES & CHEMICALS,1,0.29
TEJAS NETWORKS,1,0.29
D.B. CORP,1,0.28
RITES,1,0.28
UBER TECHNOLOGIES INC.,1,0.28
VISA INC,1,0.27
APCOTEX INDUSTRIES,1,0.26
BANCO PRODUCTS (INDIA),1,0.26
GOODYEAR INDIA,1,0.26
JUPITER WAGONS,1,0.26
KRYSTAL INTEGRATED SERVICES,1,0.25
SANDUR MANGANESE & IRON ORES,1,0.25
SMS PHARMACEUTICALS,1,0.25
DREDGING CORPORATION OF INDIA,1,0.24
MAN INFRACONSTRUCTION,1,0.24
DR AGARWALS EYE HOSPITAL,1,0.22
SUNTECK REALTY,1,0.22
MATRIMONY.COM,1,0.21
EFC (I),1,0.2
FUJIYAMA POWER SYSTEMS,1,0.2
SEAMEC,1,0.2
ANAND RATHI SHARE AND STOCK BROKERS,1,0.18
GPT HEALTHCARE,1,0.18
VINDHYA TELELINKS,1,0.18
CAPACIT'E INFRAPROJECTS,1,0.17
COCA COLA CO. (US),1,0.17
EXICOM TELE-SYSTEMS,1,0.17
TEXMACO RAIL & ENGINEERING,1,0.17
AUTOZONE INC,1,0.16
STEEL STRIPS WHEELS,1,0.16
ALLCARGO LOGISTICS,1,0.15
DCX SYSTEMS,1,0.15
ORISSA MINERALS DEVELOPMENT COMPANY,1,0.15
PRIME SECURITIES,1,0.15
MISHRA DHATU NIGAM,1,0.14
AMIR CHAND JAGDISH KUMAR (EXPORTS),1,0.13
BOMBAY BURMAH TRADING CORPORATION,1,0.12
GHCL TEXTILES,1,0.12
PTC INDIA FINANCIAL SERVICES,1,0.12
AMANTA HEALTHCARE,1,0.11
NIIT,1,0.11
RAVINDRA ENERGY,1,0.11
SATIN CREDITCARE NETWORK,1,0.11
WIM PLAST,1,0.11
ADVANCED ENZYME TECHNOLOGIES,1,0.1
ANIRIT VENTURES,1,0.1
FILATEX INDIA,1,0.1
SURYODAY SMALL FINANCE BANK,1,0.1
POLYPLEX CORPORATION,1,0.09
RAYMOND,1,0.08
SAI PARENTERAL’S,1,0.08
SOLARA ACTIVE PHARMA SCIENCES,1,0.08
SPANDANA SPHOORTY FINANCIAL  - PARTLY PAID-UP EQUITY,1,0.08
LANCER CONTAINERS LINES,1,0.07
ORIENTAL HOTELS,1,0.07
PROTEAN EGOV TECHNOLOGIES,1,0.07
TRANSINDIA REAL ESTATE,1,0.07
VISHNU PRAKASH R PUNGLIA,1,0.07
ALL TIME PLASTICS,1,0.06
ARTEMIS MEDICARE SERVICES,1,0.06
IRM ENERGY,1,0.06
ROSSELL INDIA,1,0.06
CONCORD ENVIRO SYSTEMS,1,0.05
CRIZAC,1,0.05
FINEOTEX CHEMICAL,1,0.05
STERLING AND WILSON RENEWABLE ENERGY,1,0.05
BEST AGROLIFE,1,0.04
OCCL,1,0.04
STUDDS ACCESSORIES,1,0.04
FINBUD FINANCIAL SERVICES,1,0.03
IKIO TECHNOLOGIES,1,0.03
ONE MOBIKWIK SYSTEMS,1,0.03
PRIMO CHEMICALS,1,0.03
UNIVERSAL CABLES,1,0.03
AARTI PHARMALABS,1,0.02
SIYARAM SILK MILLS,1,0.02
AG VENTURES,1,0.01
BUTTERFLY GANDHIMATHI APPLIANCES,1,0.01
CEIGALL INDIA,1,0.01
DAM CAPITAL ADVISORS,1,0.01
DELTA CORP,1,0.01
R K SWAMY,1,0.01
RAYMOND REALTY,1,0.01
