mf_scheme_code,nav_date,nav
103490,2026-05-26,124.28
103734,2026-05-26,37.0481
111549,2026-05-26,124.14
118267,2026-05-26,193.59
118269,2026-05-26,70.04
118272,2026-05-26,409.9
118273,2026-05-26,120.0
118275,2026-05-26,376.34
118278,2026-05-26,283.98
118285,2026-05-26,196.49
118305,2026-05-26,3338.3653
118309,2026-05-26,112.1981
118344,2023-07-27,49.56
118345,2023-07-27,2475.0029
118364,2026-05-26,3362.3155
118419,2026-05-26,164.424
118421,2026-05-26,104.502
118424,2026-05-26,226.675
118452,2023-07-27,24.8048
118469,2026-05-26,57.537
118473,2026-05-26,175.169
118474,2026-05-26,37.0516
118477,2026-05-26,35.713
118479,2026-05-26,87.94
118481,2026-05-26,165.728
118491,2026-05-26,36.3092
118494,2026-05-26,782.786
118510,2026-05-26,203.8094
118525,2026-05-26,194.9105
118531,2026-05-26,1098.5253
118533,2026-05-26,3058.0379
118535,2026-05-26,1751.8523
118537,2026-05-26,497.7456
118539,2026-05-26,277.8648
118540,2026-05-26,1561.5753
118546,2026-05-26,302.204
118557,2026-05-26,169.2757
118559,2026-05-26,49.0976
118564,2026-05-26,113.7676
118574,2026-05-26,100.557
118577,2026-05-26,4184.3193
118585,2026-05-26,30.3141
118589,2026-05-26,695.1193
118610,2018-05-20,2831.6355
118615,2026-05-26,59.54
118617,2026-05-26,94.56
118620,2026-05-26,135.07
118624,2026-05-26,74.4
118632,2026-05-26,99.4356
118636,2016-11-25,1529.8657
118650,2026-05-26,329.2857
118668,2026-05-26,4878.7186
118678,2026-05-26,1590.0783
118692,2026-05-26,133.2652
118701,2026-05-26,6815.6416
118724,2026-05-26,207.2039
118726,2026-05-26,67.3785
118736,2026-05-26,203.8623
118759,2026-05-26,606.005
118763,2026-05-26,417.3064
118769,2026-05-26,77.4427
118778,2026-05-26,196.7598
118784,2026-05-26,245.5709
118794,2026-05-26,118.5383
118803,2026-05-26,143.5595
118825,2026-05-26,123.899
118834,2026-05-26,173.396
118837,2026-05-26,105.938
118859,2026-05-26,2939.7923
118866,2026-05-26,194.22
118868,2026-05-26,59.02
118870,2026-05-26,164.25
118872,2026-05-26,125.56
118876,2026-05-26,142.87
118879,2026-05-26,71.01
118883,2026-05-26,232.28
118893,2020-11-03,1990.1202
118929,2022-01-14,625.385
118931,2026-05-21,33.766
118935,2026-05-26,843.16
118950,2026-05-26,254.939
118955,2026-05-26,2158.762
118968,2026-05-26,555.773
118979,2026-05-26,52.68
118989,2026-05-26,223.135
119018,2026-05-26,1188.501
119019,2026-05-26,391.329
119028,2026-05-26,126.284
119053,2026-05-26,484.0688
119060,2026-05-26,1450.221
119062,2026-05-26,120.92
119071,2026-05-26,169.284
119076,2026-05-26,111.989
119091,2026-05-26,5467.7071
119096,2026-05-26,59.47
119118,2026-05-26,87.9546
119125,2026-05-26,3981.9716
119128,2026-05-26,75.278
119131,2026-05-26,83.645
119133,2026-05-26,50.86
119135,2026-05-26,2699.5805
119148,2022-07-15,35.4395
119156,2024-11-14,31.4535
119160,2026-05-26,577.3261
119164,2026-05-26,30.1015
119172,2026-05-26,417.808
119176,2022-07-15,26.8438
119178,2026-05-26,518.2809
119202,2026-05-26,557.9851
119212,2026-05-26,228.28
119218,2026-05-26,686.986
119231,2026-05-26,389.6198
119242,2026-05-26,152.631
119243,2026-05-26,196.9766
119247,2026-05-26,388.174
119250,2026-05-26,501.064
119291,2022-11-24,133.4192
119292,2026-05-26,56.2
119298,2022-11-24,35.3261
119303,2026-05-26,2686.0769
119307,2026-05-26,69.36
119308,2022-11-24,45.6494
119326,2022-03-13,89.2832
119327,2019-03-20,16.4516
119333,2026-05-26,54.0214
119347,2022-11-24,40.9863
119350,2026-05-26,105.35
119351,2026-05-26,190.63
119354,2026-05-26,327.7212
119360,2015-01-29,1719.5505
119364,2026-05-26,75.79
119367,2022-03-13,21.9588
119369,2026-05-26,3206.591
119389,2022-03-13,32.6754
119392,2022-03-13,17.8351
119397,2022-11-24,78.6585
119404,2022-11-24,66.2577
119413,2022-11-24,27.7083
119415,2026-05-26,3209.221
119417,2022-11-24,86.2541
119436,2026-05-26,1019.15
119441,2021-12-30,197.96
119452,2021-12-30,256.09
119464,2021-12-30,116.59
119468,2021-12-30,1862.0809
119472,2021-12-30,54.5069
119482,2021-12-30,27.87
119484,2021-12-30,122.4
119514,2026-05-26,114.4
119517,2026-05-26,57.4032
119526,2026-05-26,30.2697
119528,2026-05-26,561.31
119542,2021-12-31,146.339
119544,2026-05-26,67.55
119549,2026-05-26,222.8747
119556,2026-05-26,105.1748
119564,2026-05-26,161.4369
119566,2026-05-26,97.2559
119568,2026-05-26,449.78
119572,2018-12-28,17.115
119574,2026-05-31,37.9024
119578,2021-12-24,283.5119
119581,2026-05-26,1589.7874
119589,2026-05-26,311.8103
119591,2026-05-26,230.22
119595,2026-05-26,97.7851
119597,2026-05-26,119.9107
119598,2026-05-26,102.3652
119609,2026-05-26,344.887
119612,2015-12-11,32.4464
119620,2026-05-26,909.82
119635,2026-05-26,32.2651
119646,2026-05-26,1427.98
119659,2026-05-26,150.246
119661,2023-04-13,51.83
119686,2021-12-31,44.5103
119700,2026-05-26,55.9844
119705,2026-05-26,128.5764
119709,2026-05-26,255.6574
119711,2026-05-26,418.3334
119716,2026-05-26,266.6243
119718,2026-05-26,119.4203
119721,2026-05-26,694.6326
119723,2026-05-26,466.3341
119727,2026-05-26,438.6668
119732,2026-05-26,39.2224
119766,2026-05-26,5624.3244
119769,2026-05-26,177.883
119771,2026-05-26,42.3385
119773,2026-05-26,132.293
119775,2026-05-26,164.034
119783,2026-05-26,537.4877
119790,2022-11-24,3010.1597
119800,2026-05-26,4352.4615
119802,2022-11-24,25.4455
119807,2022-11-24,229.3027
119835,2026-05-26,412.216
119839,2026-05-26,82.8583
119843,2026-05-26,74.4593
119852,2022-11-24,46.6935
119861,2026-05-26,4395.5129
119893,2022-03-13,146.7578
119905,2016-11-24,20.4484
119960,2026-02-20,63.7493
119988,2022-03-13,83.9294
120002,2022-03-13,63.1554
120030,2026-05-26,514.3486
120034,2022-11-25,30.6449
120038,2026-05-26,2773.9433
120042,2018-12-28,18.4023
120046,2026-05-26,251.748
120069,2022-11-25,90.7368
120073,2026-05-26,70.2749
120079,2026-01-23,101.2359
120082,2022-03-13,39.9835
120104,2016-03-07,1608.2459
120147,2022-03-13,60.6707
120152,2026-05-26,641.711
120154,2026-05-26,68.1898
120158,2026-05-26,395.864
120164,2026-05-26,304.332
120166,2026-05-26,95.591
120186,2026-05-26,83.23
120197,2026-05-26,411.996
120244,2026-05-26,145.93
120249,2026-05-26,5054.6362
120251,2026-05-26,444.9
120261,2026-05-26,222.4755
120262,2020-03-27,3024.287
120264,2026-05-26,108.5956
120267,2026-05-26,59.8788
120270,2026-05-26,164.1918
120276,2026-05-26,91.9529
120280,2020-03-27,3348.2894
120304,2026-05-26,4565.1591
120323,2026-05-26,509.91
120333,2026-05-26,61.95
120334,2026-05-26,890.7626
120348,2026-05-26,153.28
120351,2026-05-26,62.1049
120357,2026-05-26,120.77
120364,2026-05-26,38.8549
120377,2026-05-26,85.08
120381,2026-05-26,385.5
120385,2026-05-26,174.27
120389,2026-05-26,3097.7131
120392,2026-05-26,83.1
120395,2026-05-26,79.59
120401,2026-05-26,36.5158
120403,2026-05-26,224.62
120405,2026-05-26,81.1
120406,2026-05-26,75.9679
120413,2026-05-26,148.65
120415,2017-04-27,24.6415
120416,2026-05-26,140.81
120465,2026-05-26,66.66
120468,2026-05-26,59.95
120480,2026-05-26,35.4579
120482,2026-05-26,36.6925
120484,2026-05-26,133.367
120486,2026-05-26,104.2509
120488,2026-05-26,22.6601
120490,2026-05-26,172.8063
120492,2026-05-26,108.874
120494,2026-05-26,55.6853
120503,2026-05-26,105.5115
120505,2026-05-26,137.53
120517,2026-05-26,1680.73
120524,2026-05-26,51.6363
120537,2026-05-26,3821.051
120539,2026-05-26,165.95
120564,2026-05-26,2089.81
120575,2026-05-26,324.3721
120578,2026-05-26,214.9833
120586,2026-05-26,117.98
120587,2026-05-26,469.71
120591,2026-05-26,97.78
120592,2026-05-26,1012.19
120594,2026-05-26,190.89
120596,2026-05-26,1129.47
120599,2026-05-26,947.53
120621,2026-05-26,218.23
120656,2026-05-26,286.3412
120662,2026-05-26,322.4721
120665,2026-05-26,196.3966
120674,2026-05-26,432.3151
120682,2026-05-26,433.3776
120688,2026-05-26,179.08
120715,2026-05-26,222.1595
120722,2026-05-26,105.21
120726,2026-05-26,341.1157
120728,2026-05-26,152.2433
120731,2026-05-26,319.0955
120733,2026-05-26,217.6608
120751,2026-05-26,178.4378
120760,2026-05-26,87.7775
120779,2026-05-26,75.4008
120780,2026-05-26,59.7808
120782,2026-05-26,352.9091
120795,2026-05-26,39.3893
120819,2026-05-26,510.6694
120821,2026-05-26,182.4277
120823,2026-05-26,709.1131
120826,2026-05-26,137.4027
120828,2026-05-26,292.2481
120833,2026-05-26,45.6776
120834,2026-05-26,100.9817
120837,2026-05-26,44.6281
120841,2026-05-26,251.2702
120843,2026-05-26,120.3565
120847,2026-05-26,448.5976
122389,2026-05-26,54.6297
122639,2026-05-26,90.9189
125307,2026-05-26,74.8
125345,2026-05-26,2132.6123
125354,2026-05-26,125.36
125497,2026-05-26,194.2258
125597,2026-05-26,69.09
125711,2026-05-26,36.4674
126393,2026-05-26,32.641
127042,2026-05-26,107.5413
127850,2026-05-26,28.2247
129046,2026-05-26,63.424
129052,2026-05-26,21.303
129212,2026-05-26,110.5317
129220,2022-11-24,51.2176
129649,2026-05-26,60.58
130206,2026-05-26,21.9866
130450,2022-11-24,16.6962
130479,2022-03-13,3271.5995
130498,2026-05-26,356.285
130503,2026-05-26,153.923
130773,2026-05-26,21.4608
130825,2022-11-24,26.2586
130860,2026-05-26,30.4881
131355,2026-05-26,28.767
131373,2026-05-26,29.9528
131580,2026-05-26,52.7707
131670,2026-05-26,125.1
132756,2026-05-26,52.3428
132995,2026-05-26,25.47
133035,2026-05-26,75.236
133181,2023-10-27,16.3851
133386,2026-05-26,62.0341
133516,2026-05-26,40.4
133710,2026-05-26,43.6354
133801,2026-05-26,80.517
133839,2026-05-26,41.85
133859,2026-05-26,48.4261
134017,2026-05-26,23.6997
134045,2022-03-13,75.3119
134110,2021-07-02,16.8439
134594,2026-05-26,18.076
134643,2026-05-26,27.0275
134813,2026-05-26,38.6
134923,2026-05-26,44.9419
135120,2026-05-26,25.72
135341,2026-05-26,32.2321
135601,2026-05-26,38.17
135654,2026-04-10,32.8119
135677,2026-05-26,43.0187
135689,2021-09-13,17.4154
135781,2026-05-26,56.07
135793,2026-05-26,50.5058
135800,2026-05-26,46.1148
135805,2026-05-26,51.4346
135810,2026-05-26,37.2339
135813,2026-05-26,59.1373
136567,2026-05-26,24.972
138299,2026-05-26,363.3004
138312,2026-05-26,389.76
138376,2026-05-26,57.0022
138386,2026-05-26,153.38
138394,2019-07-28,33.48
138464,2019-07-28,24.7078
138875,2026-05-26,20.708
139221,2021-12-30,12.1581
139257,2022-01-24,57.823
139259,2022-01-24,41.4437
139527,2026-05-26,45.06
139538,2026-05-26,1813.403
139781,2026-05-26,31.9344
139872,2026-05-26,20.3404
139971,2023-07-27,18.6649
140175,2026-05-26,104.511
140196,2026-05-26,3599.4376
140228,2026-05-26,125.784
140241,2020-02-26,43.909
140347,2026-05-26,29.4988
140353,2026-05-26,44.62
140382,2026-05-26,30.624
140386,2022-03-13,13.5214
140444,2026-05-26,24.8904
140461,2023-07-27,20.81
141006,2022-03-13,19.0606
141226,2026-05-26,43.4597
141248,2026-05-26,24.41
141475,2023-07-27,22.78
141642,2026-05-26,23.64
141808,2026-05-26,21.49
141813,2022-03-13,14.794
141924,2026-05-26,23.561
141925,2026-05-26,29.13
142038,2026-05-26,21.71
142110,2026-05-26,40.8356
142283,2026-05-26,16.511
142388,2026-05-26,31.1454
143163,2026-05-26,24.1817
143269,2026-05-26,1539.8578
143537,2026-05-26,23.6669
143614,2026-05-26,15.1664
143783,2026-05-26,47.774
143793,2026-05-26,27.6397
144312,2026-05-26,17.73
144335,2026-05-26,22.54
144394,2026-05-26,22.25
144455,2023-07-27,18.64
144466,2026-05-26,18.4197
144490,2026-05-26,20.0586
144546,2026-05-26,26.4891
144634,2022-03-13,19.1106
144658,2021-07-22,10.9088
144681,2024-01-19,19.8323
144835,2026-05-26,37.4558
144905,2026-05-26,22.25
145110,2026-05-26,37.15
145137,2026-05-26,48.11
145206,2026-05-26,40.2461
145228,2022-11-25,16.7649
145356,2026-05-26,23.9813
145376,2022-11-24,16.6088
145396,2026-05-26,28.0906
145454,2026-05-26,45.587
145473,2026-05-26,30.02
145478,2021-12-31,13.1827
145599,2026-05-26,22.8972
145678,2026-05-26,57.2
145693,2026-05-26,22.514
145724,2026-05-26,15.991
145819,2026-05-26,23.2045
145834,2026-05-26,14.6701
145895,2026-05-26,15.2572
145971,2026-05-26,1490.091
146010,2026-05-26,23.1404
146130,2026-05-26,43.17
146196,2026-05-26,50.17
146297,2026-05-26,15.3193
146402,2022-03-13,14.0085
146457,2026-05-26,18.4498
146549,2026-05-26,24.7609
146643,2026-05-26,24.5425
146772,2026-05-26,31.7444
146951,2026-05-26,25.84
147131,2021-12-30,25.73
147157,2026-05-26,1447.2582
147183,2026-05-26,28.3811
147206,2026-05-26,25.875
147306,2026-05-26,22.259
147346,2026-05-26,32.38
147372,2026-05-26,24.08
147406,2026-05-26,18.5992
147409,2026-05-26,37.16
147445,2026-05-26,42.021
147446,2026-05-26,29.7609
147473,2026-05-26,29.238
147481,2026-05-26,31.8729
147492,2026-05-26,28.37
147496,2026-05-26,18.3794
147541,2026-05-26,27.0734
147587,2021-12-31,17.3254
147617,2026-05-26,14.3311
147662,2026-05-26,52.87
147689,2025-03-21,0.1261
147697,2025-03-21,0.6828
147704,2026-05-26,38.2395
147727,2026-05-25,36.643
147750,2026-05-26,27.9
147757,2026-05-26,25.6112
147778,2021-12-30,18.39
147789,2026-05-26,15.8875
147840,2026-05-26,29.8361
147844,2026-05-26,40.48
147919,2026-05-26,33.8246
147927,2021-12-31,10.8083
147928,2026-05-26,22.23
147937,2021-11-29,2047.225
147939,2021-11-29,2047.4043
147946,2026-05-26,53.324
148026,2021-12-31,15.1454
148053,2026-05-26,27.9386
148073,2026-05-26,54.69
148143,2020-07-10,4.0808
148265,2026-05-26,0.0
148274,2026-05-26,0.0
148296,2026-05-26,0.0
148302,2021-01-11,0.0
148353,2026-05-26,18.7537
148401,2026-05-26,14.287
148404,2026-05-26,39.86
148411,2026-05-26,27.9574
148413,2026-05-26,41.4437
148414,2026-05-26,41.4437
148415,2025-03-27,41.4437
148454,2025-07-18,13.1521
148457,2026-05-26,26.5825
148468,2026-05-26,13.5272
148474,2026-05-26,29.2425
148481,2026-05-26,29.06
148507,2026-05-26,21.8582
148516,2026-05-26,22.51
148524,2021-12-30,14.81
148539,2026-05-26,28.74
148564,2026-05-26,40.4009
148567,2026-05-26,29.7326
148592,2026-05-26,18.98
148595,2026-05-22,24.36
148600,2026-05-26,23.23
148606,2026-05-26,17.772
148618,2026-05-26,28.6375
148623,2026-05-26,22.546
148634,2026-05-26,20.35
148637,2026-05-26,18.7
148651,2026-05-26,26.15
148658,2026-05-26,16.26
148733,2026-05-26,24.7813
148751,2026-05-26,17.3
148841,2026-05-26,1347.7156
148883,2026-05-26,20.54
148921,2026-05-26,21.34
148925,2026-05-26,27.2819
148958,2026-05-26,15.7464
148972,2026-05-26,18.5275
148980,2026-05-26,17.46
148986,2026-05-26,18.585
148990,2026-05-26,20.0
148993,2026-05-26,17.01
149019,2026-05-26,18.07
149071,2026-05-26,20.3837
149085,2026-05-26,19.07
149091,2026-05-26,15.9137
149094,2026-05-26,17.3461
149104,2026-05-26,16.9452
149134,2026-05-26,16.5114
149141,2026-05-26,16.7896
149154,2022-11-25,9.6118
149166,2026-05-26,20.3
149185,2026-05-26,20.867
149261,2026-05-26,14.254
149264,2026-05-26,14.21
149268,2026-05-26,18.2925
149295,2026-05-26,15.85
149303,2026-05-26,18.303
149318,2026-05-26,19.6862
149321,2026-05-26,16.9332
149329,2026-05-26,40.204
149335,2026-05-26,24.1675
149368,2026-05-26,19.3
149383,2026-05-26,19.15
149406,2026-05-26,15.6101
149450,2026-05-26,10.42
149533,2026-05-26,173.3464
149550,2026-05-26,16.1356
149570,2026-05-26,524.6833
149601,2026-05-26,181.3462
149664,2026-05-26,2460.0737
149669,2026-05-26,415.9255
149679,2026-05-26,82.5475
149717,2026-05-26,41.0449
149763,2026-05-26,19.46
149841,2026-05-26,21.968
149882,2026-05-26,17.3442
150159,2026-05-26,110.0791
150187,2026-05-26,253.8073
150206,2026-05-26,56.3807
150212,2026-05-26,132.6365
150251,2026-05-26,17.9172
150260,2026-05-26,32.1124
150264,2026-05-26,24.0408
150266,2026-05-26,32.7765
150310,2026-05-26,18.14
150346,2026-05-26,18.077
150367,2026-05-26,12.8972
150376,2026-05-26,17.363
150387,2026-05-26,16.4179
150404,2026-05-26,19.096
150440,2026-05-26,16.3344
150470,2026-05-26,15.152
150481,2026-05-26,15.0287
150532,2026-05-26,15.5144
150539,2026-05-26,23.35
150571,2026-05-26,14.9776
150584,2026-05-26,22.065
150587,2026-05-26,18.082
150624,2026-05-26,17.109
150659,2026-05-26,18.5121
150685,2026-05-26,20.85
150716,2026-05-26,19.929
150797,2026-05-26,15.316
150805,2026-05-26,14.795
150815,2026-05-26,21.2666
150817,2026-05-26,18.54
150838,2026-05-26,13.05
150858,2026-05-26,17.19
150865,2026-05-26,16.9842
150915,2026-05-26,21.1782
151036,2026-05-26,505.3346
151040,2026-05-26,57.11
151060,2026-05-26,40.1468
151078,2026-05-26,148.3154
151113,2026-05-26,126.1396
151122,2026-05-26,65.0897
151129,2026-05-26,50.303
151130,2026-05-26,92.6977
151138,2026-05-26,21.456
151142,2026-05-26,46.5279
151165,2026-05-26,13.5333
151232,2026-05-26,15.7032
151267,2026-05-26,14.985
151290,2026-05-26,20.0481
151307,2026-05-26,17.4528
151368,2026-05-26,17.08
151379,2026-05-26,19.2987
151384,2026-05-26,16.414
151412,2026-05-26,16.568
151443,2026-05-26,19.66
151458,2026-05-26,13.762
151471,2026-05-26,14.4727
151580,2026-05-26,19.24
151611,2026-05-26,14.37
151713,2026-05-26,17.4046
151745,2026-05-26,16.162
151750,2026-05-26,29.192
151753,2026-05-26,14.41
151755,2026-05-26,14.3229
151757,2026-05-26,17.2885
151777,2026-05-26,17.0376
151791,2026-05-26,20.4955
151792,2026-05-26,12.3493
151796,2026-05-26,15.7169
151804,2026-05-26,13.611
151810,2026-05-26,14.888
151816,2026-05-26,15.062
151824,2026-05-26,14.9
151833,2026-05-26,1215.1518
151853,2026-05-26,17.0951
151881,2026-05-26,15.215
151885,2026-05-26,12.7461
151895,2026-05-26,15.443
151901,2026-05-26,17.699
151905,2026-05-26,14.72
151916,2026-05-26,16.6242
151917,2026-05-26,13.27
151952,2026-05-26,31.9904
152002,2026-05-26,33.3628
152004,2026-05-26,36.1669
152010,2026-05-26,22.7519
152018,2026-05-26,28.7957
152024,2026-05-26,34.3806
152032,2026-05-26,14.5745
152033,2026-05-26,14.4735
152045,2026-05-26,16.1595
152051,2026-05-26,13.756
152056,2026-05-26,16.7657
152059,2026-05-26,11.391
152064,2026-05-26,16.507
152067,2026-05-26,11.146
152071,2026-05-26,15.941
152076,2026-05-26,13.2716
152077,2026-05-26,12.011
152082,2026-05-26,20.019
152087,2026-05-26,11.1686
152094,2026-05-26,15.9181
152107,2026-05-26,13.32
152109,2026-05-26,11.9038
152128,2026-05-26,13.9722
152132,2026-05-26,13.398
152135,2026-05-26,15.37
152158,2026-05-26,15.3
152169,2026-05-26,13.931
152188,2026-05-26,10.77
152189,2026-05-26,15.693
152194,2026-05-26,11.739
152202,2026-05-26,15.5
152206,2026-05-26,14.733
152214,2026-05-26,15.729
152226,2026-05-26,13.879
152237,2026-05-26,15.2965
152254,2026-05-26,12.8398
152255,2026-05-26,15.6654
152310,2026-05-26,12.339
152314,2026-05-26,13.6539
152321,2026-05-26,13.041
152324,2026-05-26,14.617
152336,2026-05-26,9.8765
152344,2026-05-26,13.905
152349,2026-05-26,15.7
152354,2026-05-26,13.6681
152358,2026-05-26,13.07
152380,2026-05-26,14.1983
152382,2026-05-26,12.59
152396,2026-05-26,12.7423
152408,2026-05-26,12.377
152409,2026-05-26,11.76
152415,2026-05-26,11.324
152417,2026-05-26,11.6238
152437,2026-05-26,12.2484
152443,2026-05-26,13.9662
152450,2026-05-26,13.79
152462,2026-05-26,10.004
152468,2026-05-26,11.6521
152470,2026-05-26,13.3228
152474,2026-05-26,12.26
152509,2026-05-26,11.76
152537,2026-05-29,12.02
152584,2026-05-26,11.8
152586,2026-05-26,8.74
152600,2026-05-26,11.56
152607,2026-05-26,14.176
152614,2026-05-26,10.7713
152639,2026-05-26,12.4847
152644,2026-05-26,13.853
152651,2026-05-26,13.049
152657,2026-05-26,11.8724
152672,2026-05-26,10.4338
152677,2026-05-26,10.9009
152679,2026-05-26,11.61
152684,2026-05-26,10.29
152688,2026-05-26,10.27
152694,2026-05-26,10.4357
152697,2026-05-26,11.2157
152702,2026-05-26,10.585
152710,2026-05-26,9.1526
152728,2026-05-26,11.92
152739,2026-05-26,10.6167
152756,2026-05-26,10.91
152760,2026-05-26,11.5874
152776,2026-05-26,9.353
152783,2026-05-26,10.06
152787,2026-05-26,12.21
152789,2026-05-26,9.37
152796,2026-05-26,11.4442
152805,2026-05-26,9.07
152815,2026-05-26,10.25
152821,2026-05-26,9.7496
152829,2026-05-26,10.6464
152847,2026-05-26,8.74
152849,2026-05-26,11.265
152863,2026-05-26,9.48
152878,2026-05-26,9.759
152910,2026-05-26,12.253
152915,2026-05-26,9.414
152920,2026-05-26,11.3514
152939,2026-05-26,12.27
152941,2026-05-26,11.28
152962,2026-05-26,10.024
152964,2026-05-26,8.964
153034,2026-05-26,11.5462
153035,2026-05-26,1099.7388
153039,2026-05-26,11.03
153043,2026-05-26,11.0676
153047,2026-05-26,12.61
153055,2026-05-26,9.7788
153070,2026-05-26,10.7
153075,2026-05-26,8.947
153076,2026-05-26,7.9691
153083,2026-05-26,9.04
153090,2026-05-26,10.79
153092,2026-05-26,12.66
153094,2026-05-26,9.64
153109,2026-05-26,9.48
153118,2026-05-26,11.132
153121,2026-05-26,10.43
153124,2026-05-26,10.88
153139,2026-05-26,10.68
153154,2026-05-26,9.8682
153157,2026-05-26,10.618
153184,2026-05-26,11.01
153187,2026-05-26,11.0434
153189,2026-05-26,10.04
153196,2026-05-26,11.788
153201,2026-05-26,11.586
153204,2026-05-26,10.4644
153214,2026-05-26,10.9097
153225,2026-05-26,12.5608
153239,2026-05-26,9.46
153246,2026-05-26,12.3488
153258,2026-05-26,12.9544
153260,2026-05-26,11.1841
153266,2026-05-26,12.4034
153274,2026-05-26,12.3543
153291,2026-05-26,13.34
153303,2026-05-26,12.5004
153309,2026-05-26,11.876
153326,2026-05-26,13.19
153355,2026-05-26,11.436
153364,2026-05-26,12.9736
153376,2026-05-26,10.9475
153426,2026-05-26,10.8353
153447,2026-05-26,10.973
153458,2026-05-26,10.29
153465,2026-05-26,11.08
153484,2026-05-26,12.9422
153515,2026-05-26,10.3061
153534,2026-05-26,9.35
153543,2026-05-26,10.2674
153558,2026-05-26,10.6877
153570,2026-05-26,1058.5694
153604,2026-05-26,10.1924
153612,2026-05-26,10.203
153620,2026-05-26,10.59
153624,2026-05-26,9.53
153629,2026-05-26,10.2771
153644,2026-05-26,10.97
153651,2026-05-26,1055.666
153669,2026-05-26,10.1235
153674,2026-05-26,10.5605
153684,2026-05-26,10.89
153693,2026-05-26,10.6175
153705,2026-05-26,10.5597
153722,2026-05-26,10.022
153728,2026-05-26,10.37
153731,2026-05-26,11.0456
153738,2026-05-26,10.0657
153749,2026-05-26,11.293
153753,2026-05-26,10.625
153758,2026-05-26,10.43
153774,2026-05-26,12.2367
153804,2026-05-26,10.4626
153821,2026-05-26,10.3208
153847,2026-05-26,9.9411
153859,2026-05-26,9.7996
153867,2026-05-26,10.1
153868,2026-05-29,10.5
153872,2026-05-26,10.0898
153883,2026-05-26,1039.4507
153891,2026-05-26,10.3878
153895,2026-05-26,9.6619
153900,2026-05-26,9.65
153912,2026-05-26,10.34
153913,2026-05-26,9.4791
153937,2026-05-26,9.673
153942,2026-05-26,9.566
153948,2026-05-26,9.4945
153970,2026-05-26,9.701
153972,2026-05-26,10.357
153979,2026-05-26,10.2823
153983,2026-05-26,10.915
153987,2026-05-26,10.51
153999,2026-05-26,10.8466
154011,2026-05-26,1032.8882
154020,2026-05-26,9.2
154043,2026-05-26,10.458
154051,2026-05-26,102.5098
154063,2026-05-26,11.1548
154076,2026-05-26,10.2935
154082,2026-05-26,9.797
154093,2026-05-26,9.72
154108,2026-05-26,9.4248
154121,2026-05-26,10.6016
154142,2026-05-26,9.9962
154149,2026-05-26,10.005
154155,2026-05-26,9.4917
154157,2026-05-26,10.5082
154161,2026-05-26,9.677
154177,2026-05-26,10.1122
154185,2026-05-26,9.9905
154195,2026-05-26,10.3237
154210,2026-05-26,11.27
154215,2026-05-26,11.211
154225,2026-05-26,10.75
154232,2026-05-26,10.3214
154236,2026-05-26,10.127
154244,2026-05-26,10.7774
154250,2026-05-26,10.55
154257,2026-05-26,10.1
154269,2026-05-26,10.9132
154307,2026-05-26,9.8404
154316,2026-05-26,10.167
154320,2026-05-26,10.0387
