mf_scheme_code,et_slug,et_scheme_id,notes,et_fund_name
118273,canara-robeco-consumption-fund-direct-growth,16163,manual_et_link,
118305,canara-robeco-liquid-direct-plan-growth,16178,manual_et_link,
118309,canara-robeco-conservative-hybrid-fund-direct-growth,15337,manual_et_link,
118364,bandhan-liquid-fund-direct-plan-growth,16035,manual_et_link,
118477,bandhan-equity-savings-fund-direct-growth,17411,manual_et_link,
118491,bandhan-conservative-hybrid-fund-direct-plan-growth,16088,manual_et_link,
118574,franklin-india-conservative-hybrid-fund-a-direct-growth,17386,manual_et_link,
118577,franklin-india-liquid-fund-super-institutional-plan-direct-growth,16411,manual_et_link,
118701,nippon-india-liquid-fund-direct-growth,15667,manual_et_link,
118724,nippon-india-consumption-fund-direct-growth,15698,manual_et_link,
118726,nippon-india-conservative-hybrid-fund-direct-growth,15711,manual_et_link,
118837,mirae-asset-great-consumer-fund-direct-growth,16147,manual_et_link,
118859,mirae-asset-liquid-fund-direct-growth,16117,manual_et_link,
118929,hdfc-elss-tax-saver-fund-direct-plan-growth,15727,manual_et_link,
119091,hdfc-liquid-direct-plan-growth,15734,manual_et_link,
119118,hdfc-hybrid-debt-fund-direct-growth,16016,manual_et_link,
119125,dsp-liquidity-direct-growth,15678,manual_et_link,
119128,hdfc-equity-savings-direct-plan-growth,15685,manual_et_link,
119164,navi-liquid-fund-direct-growth,16036,manual_et_link,
119247,dsp-india-tiger-the-infrastructure-growth-and-economic-reforms-fund-direct-growth,15977,manual_et_link,
119303,union-liquid-fund-direct-growth,15984,manual_et_link,
119367,baroda-bnp-paribas-large-cap-fund-direct-growth,15286,manual_et_link,
119369,bank-of-india-liquid-fund-direct-growth,15841,manual_et_link,
119415,baroda-bnp-paribas-liquid-direct-fund-growth,15341,manual_et_link,
119568,aditya-birla-sun-life-liquid-fund-direct-growth,15367,manual_et_link,
119572,sundaram-multi-asset-allocation-fund-direct-growth,44407,manual_et_link,
119591,aditya-birla-sun-life-consumption-direct-fund-growth,15401,manual_et_link,
119595,sundaram-consumption-fund-direct-growth,15730,manual_et_link,
119635,sundaram-conservative-hybrid-fund-direct-plan-growth,16786,manual_et_link,
119661,aditya-birla-sun-life-elss-tax-saver-direct-growth,15456,manual_et_link,
119686,sundaram-money-market-fund-direct-growth,38210,manual_et_link,
119709,sbi-esg-exclusionary-strategy-fund-direct-plan-growth,15786,manual_et_link,
119766,kotak-liquid-direct-growth,15932,manual_et_link,
119800,sbi-liquid-fund-direct-plan-growth,15869,manual_et_link,
119839,sbi-conservative-hybrid-fund-direct-growth,17072,manual_et_link,
119861,tata-liquid-fund-direct-growth,16286,manual_et_link,
120002,baroda-bnp-paribas-midcap-fund-direct-growth,15293,manual_et_link,
120034,hsbc-infrastructure-fund-direct-growth,15842,manual_et_link,
120038,hsbc-liquid-fund-direct-growth,15852,manual_et_link,
120073,hsbc-conservative-hybrid-fund-direct-growth,16617,manual_et_link,
120147,baroda-bnp-paribas-elss-tax-saver-fund-direct-growth,15299,manual_et_link,
120154,kotak-debt-hybrid-fund-direct-growth,17351,manual_et_link,
120197,icici-prudential-liquid-fund-direct-plan-growth,15528,manual_et_link,
120249,lic-mf-liquid-fund-direct-growth,16385,manual_et_link,
120276,lic-mf-conservative-hybrid-fund-direct-growth,17015,manual_et_link,
120304,uti-liquid-direct-growth,15325,manual_et_link,
120323,icici-prudential-value-direct-growth,15389,manual_et_link,
120389,axis-liquid-direct-fund-growth,15315,manual_et_link,
120480,axis-conservative-hybrid-fund-direct-growth,16893,manual_et_link,
120537,invesco-india-liquid-fund-direct-growth,16343,manual_et_link,
120575,sbi-consumption-opportunities-fund-direct-growth,17081,manual_et_link,
120731,uti-transportation-and-logistics-fund-direct-growth,15522,manual_et_link,
120779,uti-conservative-hybrid-fund-direct-growth,15371,manual_et_link,
120780,uti-india-consumer-fund-direct-growth,15461,manual_et_link,
120837,quant-liquid-direct-fund-growth,16587,manual_et_link,
125345,360-one-liquid-fund-direct-growth,21882,manual_et_link,
131373,kotak-equity-savings-fund-direct-growth,27688,manual_et_link,
132995,aditya-birla-sun-life-equity-savings-fund-direct-growth,28190,manual_et_link,
133516,aditya-birla-sun-life-manufacturing-equity-fund-direct-growth,28712,manual_et_link,
134594,nippon-india-equity-savings-fund-direct-growth,29719,manual_et_link,
134643,sbi-equity-savings-fund-direct-growth,29779,manual_et_link,
135120,axis-equity-savings-fund-direct-growth,30202,manual_et_link,
135805,tata-india-consumer-fund-direct-growth,30859,manual_et_link,
136567,dsp-equity-savings-fund-direct-growth,31638,manual_et_link,
138299,pgim-india-liquid-fund-direct-plan-growth,15172,manual_et_link,
138376,pgim-india-equity-savings-fund-direct-growth,15959,manual_et_link,
140196,edelweiss-liquid-direct-growth,16139,manual_et_link,
140241,edelweiss-elss-tax-saver-fund-direct-growth,17318,manual_et_link,
140347,edelweiss-equity-savings-fund-direct-growth,27749,manual_et_link,
140444,mahindra-manulife-equity-savings-fund-direct-growth,33847,manual_et_link,
141813,baroda-bnp-paribas-focused-fund-direct-growth,35140,manual_et_link,
143269,parag-parikh-liquid-fund-direct-growth,36497,manual_et_link,
144312,union-equity-savings-fund-direct-growth,37606,manual_et_link,
144466,franklin-india-equity-savings-fund-direct-growth,37750,manual_et_link,
144490,uti-equity-savings-fund-direct-growth,37837,manual_et_link,
145356,mahindra-manulife-consumption-fund-direct-growth,38326,manual_et_link,
145478,sundaram-equity-savings-fund-direct-growth,16382,manual_et_link,
145693,mirae-asset-equity-savings-fund-direct-growth,38866,manual_et_link,
145834,motilal-oswal-liquid-fund-direct-growth,38994,manual_et_link,
145971,whiteoak-capital-liquid-fund-direct-growth,39125,manual_et_link,
146457,invesco-india-equity-savings-fund-direct-growth,39639,manual_et_link,
146951,icici-prudential-bharat-consumption-fund-direct-growth,40150,manual_et_link,
147157,iti-liquid-fund-direct-growth,40317,manual_et_link,
147372,quantum-esg-best-in-class-strategy-fund-direct-growth,40488,manual_et_link,
147496,baroda-bnp-paribas-equity-savings-fund-direct-growth,40597,manual_et_link,
147587,sundaram-multi-cap-fund-direct-growth,16143,manual_et_link,
147928,axis-esg-integration-strategy-fund-direct-growth,41003,manual_et_link,
148265,nippon-india-aggressive-hybrid-fund-direct-growth,15726,manual_et_link,
148516,icici-prudential-esg-exclusionary-strategy-fund-direct-growth,41595,manual_et_link,
148606,kotak-esg-exclusionary-strategy-fund-direct-growth,41670,manual_et_link,
148634,axis-innovation-fund-direct-growth,41693,manual_et_link,
148637,aditya-birla-sun-life-esg-integration-strategy-fund-direct-growth,41689,manual_et_link,
148751,invesco-india-esg-integration-strategy-fund-direct-growth,41807,manual_et_link,
148958,parag-parikh-conservative-hybrid-fund-direct-growth,41952,manual_et_link,
149533,sundaram-focused-fund-direct-growth,16177,manual_et_link,
149550,sundaram-arbitrage-fund-direct-growth,31779,manual_et_link,
149664,sundaram-liquid-direct-growth,16095,manual_et_link,
149717,sundaram-balanced-advantage-fund-direct-growth,16205,manual_et_link,
149841,kotak-manufacture-in-india-fund-direct-growth,42505,manual_et_link,
150206,baroda-bnp-paribas-conservative-hybrid-fund-direct-growth,15295,manual_et_link,
150266,baroda-bnp-paribas-india-consumption-fund-direct-growth,37823,manual_et_link,
150685,icici-prudential-transportation-and-logistics-fund-direct-growth,43065,manual_et_link,
150716,bandhan-transportation-and-logistics-fund-direct-growth,43069,manual_et_link,
151060,hsbc-equity-savings-fund-direct-growth,15850,manual_et_link,
151580,icici-prudential-innovation-fund-direct-growth,43851,manual_et_link,
151804,hdfc-consumption-fund-direct-growth,43966,manual_et_link,
151833,bajaj-finserv-liquid-fund-direct-growth,44000,manual_et_link,
151901,hdfc-transportation-and-logistics-fund-direct-growth,44079,manual_et_link,
151905,union-innovation-and-opportunities-fund-direct-growth,44063,manual_et_link,
151916,quant-manufacturing-fund-direct-growth,44075,manual_et_link,
151952,lic-mf-equity-savings-fund-direct-growth,16079,manual_et_link,
152032,hsbc-consumption-fund-direct-growth,44099,manual_et_link,
152033,nippon-india-innovation-fund-direct-growth,44109,manual_et_link,
152087,uti-innovation-fund-direct-growth,44180,manual_et_link,
152158,aditya-birla-sun-life-transportation-and-logistics-fund-direct-growth,44211,manual_et_link,
152169,kotak-consumption-fund-direct-growth,44240,manual_et_link,
152202,axis-india-manufacturing-fund-direct-growth,44224,manual_et_link,
152336,quant-consumption-fund-direct-growth,44418,manual_et_link,
152349,whiteoak-capital-pharma-and-healthcare-fund-direct-growth,44426,manual_et_link,
152450,canara-robeco-manufacturing-fund-direct-growth,44491,manual_et_link,
152470,baroda-bnp-paribas-innovation-fund-direct-growth,44467,manual_et_link,
152600,hdfc-manufacturing-fund-direct-growth,44652,manual_et_link,
152607,bandhan-innovation-fund-direct-growth,44610,manual_et_link,
152657,sbi-automotive-opportunities-fund-direct-growth,44707,manual_et_link,
152672,mahindra-manulife-manufacturing-fund-direct-growth,44715,manual_et_link,
152697,baroda-bnp-paribas-manufacturing-fund-direct-growth,44726,manual_et_link,
152756,invesco-india-manufacturing-fund-direct-growth,44796,manual_et_link,
152760,motilal-oswal-manufacturing-fund-direct-growth,44802,manual_et_link,
152776,sbi-innovative-opportunities-fund-direct-growth,44819,manual_et_link,
152805,axis-consumption-fund-direct-growth,44826,manual_et_link,
152920,lic-mf-manufacturing-fund-direct-growth,44945,manual_et_link,
152962,whiteoak-capital-esg-best-in-class-strategy-fund-direct-growth,45004,manual_et_link,
153055,tata-india-innovation-fund-direct-growth,45075,manual_et_link,
153075,bajaj-finserv-consumption-fund-direct-growth,45048,manual_et_link,
153118,kotak-transportation-and-logistics-fund-direct-growth,45089,manual_et_link,
153139,bank-of-india-consumption-fund-direct-growth,45167,manual_et_link,
153214,edelweiss-consumption-fund-direct-growth,45237,manual_et_link,
153258,motilal-oswal-innovation-opportunities-fund-direct-growth,45257,manual_et_link,
153355,whiteoak-capital-equity-savings-fund-direct-growth,45354,manual_et_link,
153620,hdfc-innovation-fund-direct-growth,45625,manual_et_link,
153705,quant-equity-savings-fund-direct-growth,45688,manual_et_link,
153758,bajaj-finserv-equity-savings-fund-direct-growth,45732,manual_et_link,
153883,the-wealth-company-liquid-fund-direct-growth,45839,manual_et_link,
153900,invesco-india-consumption-fund-direct-growth,45859,manual_et_link,
153913,motilal-oswal-consumption-fund-direct-growth,45873,manual_et_link,
153948,lic-mf-consumption-fund-direct-growth,45898,manual_et_link,
154011,capitalmind-liquid-fund-direct-growth,45965,manual_et_link,
154020,union-consumption-fund-direct-growth,45996,manual_et_link,
154051,abakkus-liquid-fund-direct-growth,46017,manual_et_link,
154121,mahindra-manulife-innovation-opportunities-fund-direct-growth,46063,manual_et_link,
154161,whiteoak-capital-consumption-opportunities-fund-direct-growth,46106,manual_et_link,
154195,baroda-bnp-paribas-esg-best-in-class-strategy-fund-direct-growth,46163,manual_et_link,
154250,canara-robeco-banking-and-financial-services-fund-direct-growth,46187,manual_et_link,
154316,kotak-multi-asset-active-fof-direct-growth,46261,manual_et_link,
